"id","trial","group","cond","item","signal","rating"
1,1,"O","A",4,0,1
1,2,"O","A",3,0,4
1,3,"O","A",16,0,2
1,4,"O","A",14,0,2
1,5,"O","A",7,0,2
1,6,"O","A",18,0,4
1,7,"O","A",10,0,1
1,8,"O","A",15,0,1
1,9,"O","A",9,0,1
1,10,"O","A",13,0,3
1,11,"O","A",11,0,3
1,12,"O","A",8,0,4
1,13,"O","A",17,0,2
1,14,"O","A",12,0,1
1,15,"O","A",19,0,1
1,16,"O","A",6,0,2
1,17,"O","A",1,0,3
1,18,"O","A",2,0,1
1,19,"O","A",5,0,2
1,20,"O","A",20,0,3
1,21,"O","A",4,1,4
1,22,"O","A",3,1,4
1,23,"O","A",16,1,3
1,24,"O","A",14,1,1
1,25,"O","A",7,1,2
1,26,"O","A",18,1,2
1,27,"O","A",10,1,2
1,28,"O","A",15,1,6
1,29,"O","A",9,1,1
1,30,"O","A",13,1,1
1,31,"O","A",11,1,4
1,32,"O","A",8,1,4
1,33,"O","A",17,1,1
1,34,"O","A",12,1,4
1,35,"O","A",19,1,2
1,36,"O","A",6,1,4
1,37,"O","A",1,1,4
1,38,"O","A",2,1,3
1,39,"O","A",5,1,3
1,40,"O","A",20,1,1
1,1,"O","B",4,0,2
1,2,"O","B",3,0,3
1,3,"O","B",16,0,1
1,4,"O","B",14,0,2
1,5,"O","B",7,0,2
1,6,"O","B",18,0,2
1,7,"O","B",10,0,2
1,8,"O","B",15,0,1
1,9,"O","B",9,0,2
1,10,"O","B",13,0,3
1,11,"O","B",11,0,3
1,12,"O","B",8,0,2
1,13,"O","B",17,0,3
1,14,"O","B",12,0,1
1,15,"O","B",19,0,2
1,16,"O","B",6,0,1
1,17,"O","B",1,0,4
1,18,"O","B",2,0,4
1,19,"O","B",5,0,4
1,20,"O","B",20,0,2
1,21,"O","B",4,1,2
1,22,"O","B",3,1,3
1,23,"O","B",16,1,4
1,24,"O","B",14,1,3
1,25,"O","B",7,1,4
1,26,"O","B",18,1,4
1,27,"O","B",10,1,4
1,28,"O","B",15,1,4
1,29,"O","B",9,1,3
1,30,"O","B",13,1,3
1,31,"O","B",11,1,2
1,32,"O","B",8,1,4
1,33,"O","B",17,1,2
1,34,"O","B",12,1,1
1,35,"O","B",19,1,4
1,36,"O","B",6,1,2
1,37,"O","B",1,1,2
1,38,"O","B",2,1,6
1,39,"O","B",5,1,2
1,40,"O","B",20,1,2
2,1,"O","A",4,0,6
2,2,"O","A",3,0,1
2,3,"O","A",16,0,1
2,4,"O","A",14,0,3
2,5,"O","A",7,0,2
2,6,"O","A",18,0,1
2,7,"O","A",10,0,1
2,8,"O","A",15,0,2
2,9,"O","A",9,0,1
2,10,"O","A",13,0,4
2,11,"O","A",11,0,4
2,12,"O","A",8,0,2
2,13,"O","A",17,0,2
2,14,"O","A",12,0,1
2,15,"O","A",19,0,2
2,16,"O","A",6,0,1
2,17,"O","A",1,0,1
2,18,"O","A",2,0,2
2,19,"O","A",5,0,1
2,20,"O","A",20,0,1
2,21,"O","A",4,1,4
2,22,"O","A",3,1,6
2,23,"O","A",16,1,2
2,24,"O","A",14,1,1
2,25,"O","A",7,1,2
2,26,"O","A",18,1,1
2,27,"O","A",10,1,4
2,28,"O","A",15,1,1
2,29,"O","A",9,1,5
2,30,"O","A",13,1,1
2,31,"O","A",11,1,1
2,32,"O","A",8,1,1
2,33,"O","A",17,1,5
2,34,"O","A",12,1,4
2,35,"O","A",19,1,3
2,36,"O","A",6,1,3
2,37,"O","A",1,1,5
2,38,"O","A",2,1,5
2,39,"O","A",5,1,4
2,40,"O","A",20,1,5
2,1,"O","B",4,0,2
2,2,"O","B",3,0,2
2,3,"O","B",16,0,1
2,4,"O","B",14,0,2
2,5,"O","B",7,0,1
2,6,"O","B",18,0,1
2,7,"O","B",10,0,3
2,8,"O","B",15,0,1
2,9,"O","B",9,0,2
2,10,"O","B",13,0,5
2,11,"O","B",11,0,1
2,12,"O","B",8,0,3
2,13,"O","B",17,0,3
2,14,"O","B",12,0,3
2,15,"O","B",19,0,1
2,16,"O","B",6,0,1
2,17,"O","B",1,0,3
2,18,"O","B",2,0,1
2,19,"O","B",5,0,1
2,20,"O","B",20,0,1
2,21,"O","B",4,1,2
2,22,"O","B",3,1,1
2,23,"O","B",16,1,5
2,24,"O","B",14,1,4
2,25,"O","B",7,1,6
2,26,"O","B",18,1,1
2,27,"O","B",10,1,2
2,28,"O","B",15,1,1
2,29,"O","B",9,1,5
2,30,"O","B",13,1,3
2,31,"O","B",11,1,6
2,32,"O","B",8,1,6
2,33,"O","B",17,1,6
2,34,"O","B",12,1,4
2,35,"O","B",19,1,2
2,36,"O","B",6,1,6
2,37,"O","B",1,1,6
2,38,"O","B",2,1,1
2,39,"O","B",5,1,3
2,40,"O","B",20,1,6
3,1,"O","A",4,0,2
3,2,"O","A",3,0,3
3,3,"O","A",16,0,2
3,4,"O","A",14,0,2
3,5,"O","A",7,0,2
3,6,"O","A",18,0,4
3,7,"O","A",10,0,2
3,8,"O","A",15,0,2
3,9,"O","A",9,0,1
3,10,"O","A",13,0,2
3,11,"O","A",11,0,3
3,12,"O","A",8,0,3
3,13,"O","A",17,0,3
3,14,"O","A",12,0,1
3,15,"O","A",19,0,3
3,16,"O","A",6,0,3
3,17,"O","A",1,0,3
3,18,"O","A",2,0,4
3,19,"O","A",5,0,2
3,20,"O","A",20,0,3
3,21,"O","A",4,1,4
3,22,"O","A",3,1,2
3,23,"O","A",16,1,4
3,24,"O","A",14,1,2
3,25,"O","A",7,1,3
3,26,"O","A",18,1,6
3,27,"O","A",10,1,2
3,28,"O","A",15,1,5
3,29,"O","A",9,1,2
3,30,"O","A",13,1,4
3,31,"O","A",11,1,3
3,32,"O","A",8,1,2
3,33,"O","A",17,1,5
3,34,"O","A",12,1,2
3,35,"O","A",19,1,5
3,36,"O","A",6,1,6
3,37,"O","A",1,1,1
3,38,"O","A",2,1,5
3,39,"O","A",5,1,3
3,40,"O","A",20,1,3
3,1,"O","B",4,0,3
3,2,"O","B",3,0,2
3,3,"O","B",16,0,3
3,4,"O","B",14,0,2
3,5,"O","B",7,0,1
3,6,"O","B",18,0,2
3,7,"O","B",10,0,5
3,8,"O","B",15,0,2
3,9,"O","B",9,0,1
3,10,"O","B",13,0,3
3,11,"O","B",11,0,3
3,12,"O","B",8,0,2
3,13,"O","B",17,0,3
3,14,"O","B",12,0,1
3,15,"O","B",19,0,3
3,16,"O","B",6,0,2
3,17,"O","B",1,0,4
3,18,"O","B",2,0,1
3,19,"O","B",5,0,2
3,20,"O","B",20,0,3
3,21,"O","B",4,1,6
3,22,"O","B",3,1,6
3,23,"O","B",16,1,6
3,24,"O","B",14,1,6
3,25,"O","B",7,1,6
3,26,"O","B",18,1,6
3,27,"O","B",10,1,6
3,28,"O","B",15,1,6
3,29,"O","B",9,1,6
3,30,"O","B",13,1,6
3,31,"O","B",11,1,6
3,32,"O","B",8,1,6
3,33,"O","B",17,1,6
3,34,"O","B",12,1,6
3,35,"O","B",19,1,6
3,36,"O","B",6,1,6
3,37,"O","B",1,1,6
3,38,"O","B",2,1,6
3,39,"O","B",5,1,6
3,40,"O","B",20,1,6
4,1,"O","A",4,0,3
4,2,"O","A",3,0,1
4,3,"O","A",16,0,2
4,4,"O","A",14,0,3
4,5,"O","A",7,0,2
4,6,"O","A",18,0,2
4,7,"O","A",10,0,1
4,8,"O","A",15,0,1
4,9,"O","A",9,0,2
4,10,"O","A",13,0,2
4,11,"O","A",11,0,1
4,12,"O","A",8,0,2
4,13,"O","A",17,0,2
4,14,"O","A",12,0,1
4,15,"O","A",19,0,2
4,16,"O","A",6,0,2
4,17,"O","A",1,0,4
4,18,"O","A",2,0,1
4,19,"O","A",5,0,4
4,20,"O","A",20,0,2
4,21,"O","A",4,1,4
4,22,"O","A",3,1,3
4,23,"O","A",16,1,5
4,24,"O","A",14,1,6
4,25,"O","A",7,1,2
4,26,"O","A",18,1,3
4,27,"O","A",10,1,3
4,28,"O","A",15,1,3
4,29,"O","A",9,1,1
4,30,"O","A",13,1,5
4,31,"O","A",11,1,2
4,32,"O","A",8,1,3
4,33,"O","A",17,1,5
4,34,"O","A",12,1,3
4,35,"O","A",19,1,2
4,36,"O","A",6,1,5
4,37,"O","A",1,1,4
4,38,"O","A",2,1,5
4,39,"O","A",5,1,3
4,40,"O","A",20,1,3
4,1,"O","B",4,0,2
4,2,"O","B",3,0,3
4,3,"O","B",16,0,2
4,4,"O","B",14,0,4
4,5,"O","B",7,0,1
4,6,"O","B",18,0,3
4,7,"O","B",10,0,2
4,8,"O","B",15,0,4
4,9,"O","B",9,0,6
4,10,"O","B",13,0,3
4,11,"O","B",11,0,2
4,12,"O","B",8,0,5
4,13,"O","B",17,0,2
4,14,"O","B",12,0,1
4,15,"O","B",19,0,2
4,16,"O","B",6,0,1
4,17,"O","B",1,0,4
4,18,"O","B",2,0,3
4,19,"O","B",5,0,1
4,20,"O","B",20,0,3
4,21,"O","B",4,1,2
4,22,"O","B",3,1,6
4,23,"O","B",16,1,1
4,24,"O","B",14,1,6
4,25,"O","B",7,1,5
4,26,"O","B",18,1,3
4,27,"O","B",10,1,4
4,28,"O","B",15,1,5
4,29,"O","B",9,1,4
4,30,"O","B",13,1,3
4,31,"O","B",11,1,4
4,32,"O","B",8,1,3
4,33,"O","B",17,1,5
4,34,"O","B",12,1,3
4,35,"O","B",19,1,3
4,36,"O","B",6,1,5
4,37,"O","B",1,1,5
4,38,"O","B",2,1,3
4,39,"O","B",5,1,4
4,40,"O","B",20,1,5
5,1,"O","A",4,0,2
5,2,"O","A",3,0,3
5,3,"O","A",16,0,1
5,4,"O","A",14,0,4
5,5,"O","A",7,0,1
5,6,"O","A",18,0,3
5,7,"O","A",10,0,3
5,8,"O","A",15,0,1
5,9,"O","A",9,0,3
5,10,"O","A",13,0,3
5,11,"O","A",11,0,1
5,12,"O","A",8,0,3
5,13,"O","A",17,0,3
5,14,"O","A",12,0,1
5,15,"O","A",19,0,1
5,16,"O","A",6,0,4
5,17,"O","A",1,0,2
5,18,"O","A",2,0,2
5,19,"O","A",5,0,1
5,20,"O","A",20,0,2
5,21,"O","A",4,1,5
5,22,"O","A",3,1,5
5,23,"O","A",16,1,1
5,24,"O","A",14,1,4
5,25,"O","A",7,1,1
5,26,"O","A",18,1,3
5,27,"O","A",10,1,5
5,28,"O","A",15,1,5
5,29,"O","A",9,1,1
5,30,"O","A",13,1,2
5,31,"O","A",11,1,3
5,32,"O","A",8,1,3
5,33,"O","A",17,1,1
5,34,"O","A",12,1,3
5,35,"O","A",19,1,2
5,36,"O","A",6,1,1
5,37,"O","A",1,1,1
5,38,"O","A",2,1,4
5,39,"O","A",5,1,2
5,40,"O","A",20,1,5
5,1,"O","B",4,0,2
5,2,"O","B",3,0,2
5,3,"O","B",16,0,2
5,4,"O","B",14,0,2
5,5,"O","B",7,0,2
5,6,"O","B",18,0,1
5,7,"O","B",10,0,2
5,8,"O","B",15,0,1
5,9,"O","B",9,0,5
5,10,"O","B",13,0,3
5,11,"O","B",11,0,1
5,12,"O","B",8,0,5
5,13,"O","B",17,0,1
5,14,"O","B",12,0,2
5,15,"O","B",19,0,3
5,16,"O","B",6,0,2
5,17,"O","B",1,0,3
5,18,"O","B",2,0,1
5,19,"O","B",5,0,3
5,20,"O","B",20,0,2
5,21,"O","B",4,1,3
5,22,"O","B",3,1,6
5,23,"O","B",16,1,6
5,24,"O","B",14,1,5
5,25,"O","B",7,1,6
5,26,"O","B",18,1,6
5,27,"O","B",10,1,6
5,28,"O","B",15,1,6
5,29,"O","B",9,1,5
5,30,"O","B",13,1,6
5,31,"O","B",11,1,6
5,32,"O","B",8,1,6
5,33,"O","B",17,1,6
5,34,"O","B",12,1,6
5,35,"O","B",19,1,6
5,36,"O","B",6,1,6
5,37,"O","B",1,1,6
5,38,"O","B",2,1,6
5,39,"O","B",5,1,6
5,40,"O","B",20,1,6
6,1,"O","A",4,0,2
6,2,"O","A",3,0,4
6,3,"O","A",16,0,1
6,4,"O","A",14,0,2
6,5,"O","A",7,0,1
6,6,"O","A",18,0,3
6,7,"O","A",10,0,2
6,8,"O","A",15,0,2
6,9,"O","A",9,0,6
6,10,"O","A",13,0,5
6,11,"O","A",11,0,4
6,12,"O","A",8,0,2
6,13,"O","A",17,0,2
6,14,"O","A",12,0,1
6,15,"O","A",19,0,3
6,16,"O","A",6,0,1
6,17,"O","A",1,0,1
6,18,"O","A",2,0,2
6,19,"O","A",5,0,2
6,20,"O","A",20,0,1
6,21,"O","A",4,1,3
6,22,"O","A",3,1,2
6,23,"O","A",16,1,4
6,24,"O","A",14,1,4
6,25,"O","A",7,1,5
6,26,"O","A",18,1,3
6,27,"O","A",10,1,4
6,28,"O","A",15,1,5
6,29,"O","A",9,1,2
6,30,"O","A",13,1,3
6,31,"O","A",11,1,3
6,32,"O","A",8,1,4
6,33,"O","A",17,1,4
6,34,"O","A",12,1,2
6,35,"O","A",19,1,4
6,36,"O","A",6,1,3
6,37,"O","A",1,1,4
6,38,"O","A",2,1,3
6,39,"O","A",5,1,5
6,40,"O","A",20,1,4
6,1,"O","B",4,0,3
6,2,"O","B",3,0,2
6,3,"O","B",16,0,2
6,4,"O","B",14,0,3
6,5,"O","B",7,0,2
6,6,"O","B",18,0,2
6,7,"O","B",10,0,4
6,8,"O","B",15,0,2
6,9,"O","B",9,0,1
6,10,"O","B",13,0,3
6,11,"O","B",11,0,3
6,12,"O","B",8,0,3
6,13,"O","B",17,0,2
6,14,"O","B",12,0,1
6,15,"O","B",19,0,1
6,16,"O","B",6,0,2
6,17,"O","B",1,0,3
6,18,"O","B",2,0,1
6,19,"O","B",5,0,1
6,20,"O","B",20,0,2
6,21,"O","B",4,1,5
6,22,"O","B",3,1,5
6,23,"O","B",16,1,6
6,24,"O","B",14,1,5
6,25,"O","B",7,1,4
6,26,"O","B",18,1,2
6,27,"O","B",10,1,5
6,28,"O","B",15,1,5
6,29,"O","B",9,1,6
6,30,"O","B",13,1,4
6,31,"O","B",11,1,6
6,32,"O","B",8,1,4
6,33,"O","B",17,1,6
6,34,"O","B",12,1,4
6,35,"O","B",19,1,3
6,36,"O","B",6,1,5
6,37,"O","B",1,1,4
6,38,"O","B",2,1,5
6,39,"O","B",5,1,3
6,40,"O","B",20,1,6
7,1,"O","A",4,0,3
7,2,"O","A",3,0,3
7,3,"O","A",16,0,1
7,4,"O","A",14,0,3
7,5,"O","A",7,0,1
7,6,"O","A",18,0,1
7,7,"O","A",10,0,1
7,8,"O","A",15,0,3
7,9,"O","A",9,0,1
7,10,"O","A",13,0,1
7,11,"O","A",11,0,3
7,12,"O","A",8,0,4
7,13,"O","A",17,0,2
7,14,"O","A",12,0,1
7,15,"O","A",19,0,1
7,16,"O","A",6,0,1
7,17,"O","A",1,0,2
7,18,"O","A",2,0,1
7,19,"O","A",5,0,1
7,20,"O","A",20,0,2
7,21,"O","A",4,1,1
7,22,"O","A",3,1,5
7,23,"O","A",16,1,2
7,24,"O","A",14,1,6
7,25,"O","A",7,1,2
7,26,"O","A",18,1,4
7,27,"O","A",10,1,5
7,28,"O","A",15,1,5
7,29,"O","A",9,1,2
7,30,"O","A",13,1,4
7,31,"O","A",11,1,1
7,32,"O","A",8,1,5
7,33,"O","A",17,1,1
7,34,"O","A",12,1,1
7,35,"O","A",19,1,2
7,36,"O","A",6,1,1
7,37,"O","A",1,1,3
7,38,"O","A",2,1,6
7,39,"O","A",5,1,5
7,40,"O","A",20,1,4
7,1,"O","B",4,0,1
7,2,"O","B",3,0,4
7,3,"O","B",16,0,1
7,4,"O","B",14,0,3
7,5,"O","B",7,0,1
7,6,"O","B",18,0,3
7,7,"O","B",10,0,1
7,8,"O","B",15,0,2
7,9,"O","B",9,0,4
7,10,"O","B",13,0,2
7,11,"O","B",11,0,1
7,12,"O","B",8,0,6
7,13,"O","B",17,0,3
7,14,"O","B",12,0,1
7,15,"O","B",19,0,1
7,16,"O","B",6,0,5
7,17,"O","B",1,0,1
7,18,"O","B",2,0,1
7,19,"O","B",5,0,1
7,20,"O","B",20,0,1
7,21,"O","B",4,1,5
7,22,"O","B",3,1,6
7,23,"O","B",16,1,3
7,24,"O","B",14,1,4
7,25,"O","B",7,1,6
7,26,"O","B",18,1,1
7,27,"O","B",10,1,1
7,28,"O","B",15,1,6
7,29,"O","B",9,1,1
7,30,"O","B",13,1,6
7,31,"O","B",11,1,6
7,32,"O","B",8,1,4
7,33,"O","B",17,1,6
7,34,"O","B",12,1,5
7,35,"O","B",19,1,3
7,36,"O","B",6,1,6
7,37,"O","B",1,1,1
7,38,"O","B",2,1,5
7,39,"O","B",5,1,4
7,40,"O","B",20,1,6
8,1,"O","A",4,0,2
8,2,"O","A",3,0,1
8,3,"O","A",16,0,2
8,4,"O","A",14,0,2
8,5,"O","A",7,0,1
8,6,"O","A",18,0,1
8,7,"O","A",10,0,1
8,8,"O","A",15,0,1
8,9,"O","A",9,0,1
8,10,"O","A",13,0,1
8,11,"O","A",11,0,1
8,12,"O","A",8,0,1
8,13,"O","A",17,0,1
8,14,"O","A",12,0,1
8,15,"O","A",19,0,1
8,16,"O","A",6,0,1
8,17,"O","A",1,0,1
8,18,"O","A",2,0,3
8,19,"O","A",5,0,1
8,20,"O","A",20,0,2
8,21,"O","A",4,1,2
8,22,"O","A",3,1,5
8,23,"O","A",16,1,4
8,24,"O","A",14,1,6
8,25,"O","A",7,1,6
8,26,"O","A",18,1,3
8,27,"O","A",10,1,2
8,28,"O","A",15,1,5
8,29,"O","A",9,1,1
8,30,"O","A",13,1,5
8,31,"O","A",11,1,5
8,32,"O","A",8,1,6
8,33,"O","A",17,1,6
8,34,"O","A",12,1,5
8,35,"O","A",19,1,1
8,36,"O","A",6,1,6
8,37,"O","A",1,1,3
8,38,"O","A",2,1,4
8,39,"O","A",5,1,6
8,40,"O","A",20,1,1
8,1,"O","B",4,0,2
8,2,"O","B",3,0,1
8,3,"O","B",16,0,3
8,4,"O","B",14,0,6
8,5,"O","B",7,0,1
8,6,"O","B",18,0,1
8,7,"O","B",10,0,2
8,8,"O","B",15,0,1
8,9,"O","B",9,0,1
8,10,"O","B",13,0,2
8,11,"O","B",11,0,2
8,12,"O","B",8,0,5
8,13,"O","B",17,0,1
8,14,"O","B",12,0,4
8,15,"O","B",19,0,1
8,16,"O","B",6,0,1
8,17,"O","B",1,0,1
8,18,"O","B",2,0,1
8,19,"O","B",5,0,2
8,20,"O","B",20,0,2
8,21,"O","B",4,1,6
8,22,"O","B",3,1,2
8,23,"O","B",16,1,3
8,24,"O","B",14,1,6
8,25,"O","B",7,1,6
8,26,"O","B",18,1,5
8,27,"O","B",10,1,4
8,28,"O","B",15,1,3
8,29,"O","B",9,1,1
8,30,"O","B",13,1,3
8,31,"O","B",11,1,2
8,32,"O","B",8,1,2
8,33,"O","B",17,1,4
8,34,"O","B",12,1,5
8,35,"O","B",19,1,4
8,36,"O","B",6,1,6
8,37,"O","B",1,1,6
8,38,"O","B",2,1,2
8,39,"O","B",5,1,4
8,40,"O","B",20,1,2
9,1,"O","A",4,0,2
9,2,"O","A",3,0,3
9,3,"O","A",16,0,3
9,4,"O","A",14,0,2
9,5,"O","A",7,0,1
9,6,"O","A",18,0,3
9,7,"O","A",10,0,3
9,8,"O","A",15,0,3
9,9,"O","A",9,0,2
9,10,"O","A",13,0,2
9,11,"O","A",11,0,3
9,12,"O","A",8,0,3
9,13,"O","A",17,0,1
9,14,"O","A",12,0,1
9,15,"O","A",19,0,1
9,16,"O","A",6,0,3
9,17,"O","A",1,0,3
9,18,"O","A",2,0,2
9,19,"O","A",5,0,2
9,20,"O","A",20,0,2
9,21,"O","A",4,1,3
9,22,"O","A",3,1,3
9,23,"O","A",16,1,3
9,24,"O","A",14,1,4
9,25,"O","A",7,1,3
9,26,"O","A",18,1,4
9,27,"O","A",10,1,3
9,28,"O","A",15,1,2
9,29,"O","A",9,1,2
9,30,"O","A",13,1,3
9,31,"O","A",11,1,3
9,32,"O","A",8,1,4
9,33,"O","A",17,1,4
9,34,"O","A",12,1,3
9,35,"O","A",19,1,4
9,36,"O","A",6,1,3
9,37,"O","A",1,1,2
9,38,"O","A",2,1,5
9,39,"O","A",5,1,5
9,40,"O","A",20,1,5
9,1,"O","B",4,0,2
9,2,"O","B",3,0,1
9,3,"O","B",16,0,3
9,4,"O","B",14,0,2
9,5,"O","B",7,0,2
9,6,"O","B",18,0,2
9,7,"O","B",10,0,2
9,8,"O","B",15,0,1
9,9,"O","B",9,0,2
9,10,"O","B",13,0,2
9,11,"O","B",11,0,2
9,12,"O","B",8,0,4
9,13,"O","B",17,0,3
9,14,"O","B",12,0,2
9,15,"O","B",19,0,2
9,16,"O","B",6,0,2
9,17,"O","B",1,0,2
9,18,"O","B",2,0,2
9,19,"O","B",5,0,3
9,20,"O","B",20,0,2
9,21,"O","B",4,1,3
9,22,"O","B",3,1,5
9,23,"O","B",16,1,4
9,24,"O","B",14,1,5
9,25,"O","B",7,1,5
9,26,"O","B",18,1,3
9,27,"O","B",10,1,5
9,28,"O","B",15,1,4
9,29,"O","B",9,1,6
9,30,"O","B",13,1,5
9,31,"O","B",11,1,6
9,32,"O","B",8,1,3
9,33,"O","B",17,1,6
9,34,"O","B",12,1,5
9,35,"O","B",19,1,5
9,36,"O","B",6,1,5
9,37,"O","B",1,1,5
9,38,"O","B",2,1,6
9,39,"O","B",5,1,4
9,40,"O","B",20,1,4
10,1,"O","A",4,0,2
10,2,"O","A",3,0,2
10,3,"O","A",16,0,2
10,4,"O","A",14,0,1
10,5,"O","A",7,0,1
10,6,"O","A",18,0,1
10,7,"O","A",10,0,2
10,8,"O","A",15,0,1
10,9,"O","A",9,0,1
10,10,"O","A",13,0,4
10,11,"O","A",11,0,2
10,12,"O","A",8,0,1
10,13,"O","A",17,0,1
10,14,"O","A",12,0,1
10,15,"O","A",19,0,2
10,16,"O","A",6,0,1
10,17,"O","A",1,0,2
10,18,"O","A",2,0,3
10,19,"O","A",5,0,1
10,20,"O","A",20,0,1
10,21,"O","A",4,1,2
10,22,"O","A",3,1,5
10,23,"O","A",16,1,5
10,24,"O","A",14,1,3
10,25,"O","A",7,1,3
10,26,"O","A",18,1,5
10,27,"O","A",10,1,2
10,28,"O","A",15,1,5
10,29,"O","A",9,1,4
10,30,"O","A",13,1,3
10,31,"O","A",11,1,1
10,32,"O","A",8,1,3
10,33,"O","A",17,1,2
10,34,"O","A",12,1,3
10,35,"O","A",19,1,6
10,36,"O","A",6,1,5
10,37,"O","A",1,1,6
10,38,"O","A",2,1,4
10,39,"O","A",5,1,4
10,40,"O","A",20,1,6
10,1,"O","B",4,0,1
10,2,"O","B",3,0,4
10,3,"O","B",16,0,1
10,4,"O","B",14,0,5
10,5,"O","B",7,0,2
10,6,"O","B",18,0,1
10,7,"O","B",10,0,1
10,8,"O","B",15,0,2
10,9,"O","B",9,0,4
10,10,"O","B",13,0,1
10,11,"O","B",11,0,2
10,12,"O","B",8,0,1
10,13,"O","B",17,0,1
10,14,"O","B",12,0,2
10,15,"O","B",19,0,2
10,16,"O","B",6,0,1
10,17,"O","B",1,0,4
10,18,"O","B",2,0,1
10,19,"O","B",5,0,1
10,20,"O","B",20,0,2
10,21,"O","B",4,1,5
10,22,"O","B",3,1,5
10,23,"O","B",16,1,1
10,24,"O","B",14,1,2
10,25,"O","B",7,1,3
10,26,"O","B",18,1,6
10,27,"O","B",10,1,6
10,28,"O","B",15,1,4
10,29,"O","B",9,1,6
10,30,"O","B",13,1,5
10,31,"O","B",11,1,5
10,32,"O","B",8,1,5
10,33,"O","B",17,1,5
10,34,"O","B",12,1,6
10,35,"O","B",19,1,4
10,36,"O","B",6,1,1
10,37,"O","B",1,1,6
10,38,"O","B",2,1,6
10,39,"O","B",5,1,4
10,40,"O","B",20,1,5
11,1,"O","A",4,0,1
11,2,"O","A",3,0,1
11,3,"O","A",16,0,1
11,4,"O","A",14,0,5
11,5,"O","A",7,0,2
11,6,"O","A",18,0,2
11,7,"O","A",10,0,1
11,8,"O","A",15,0,4
11,9,"O","A",9,0,1
11,10,"O","A",13,0,1
11,11,"O","A",11,0,2
11,12,"O","A",8,0,6
11,13,"O","A",17,0,1
11,14,"O","A",12,0,1
11,15,"O","A",19,0,2
11,16,"O","A",6,0,1
11,17,"O","A",1,0,3
11,18,"O","A",2,0,1
11,19,"O","A",5,0,1
11,20,"O","A",20,0,1
11,21,"O","A",4,1,4
11,22,"O","A",3,1,1
11,23,"O","A",16,1,6
11,24,"O","A",14,1,4
11,25,"O","A",7,1,3
11,26,"O","A",18,1,4
11,27,"O","A",10,1,5
11,28,"O","A",15,1,6
11,29,"O","A",9,1,4
11,30,"O","A",13,1,5
11,31,"O","A",11,1,1
11,32,"O","A",8,1,6
11,33,"O","A",17,1,6
11,34,"O","A",12,1,1
11,35,"O","A",19,1,3
11,36,"O","A",6,1,3
11,37,"O","A",1,1,6
11,38,"O","A",2,1,6
11,39,"O","A",5,1,1
11,40,"O","A",20,1,4
11,1,"O","B",4,0,1
11,2,"O","B",3,0,1
11,3,"O","B",16,0,2
11,4,"O","B",14,0,4
11,5,"O","B",7,0,1
11,6,"O","B",18,0,1
11,7,"O","B",10,0,6
11,8,"O","B",15,0,6
11,9,"O","B",9,0,1
11,10,"O","B",13,0,1
11,11,"O","B",11,0,1
11,12,"O","B",8,0,4
11,13,"O","B",17,0,1
11,14,"O","B",12,0,1
11,15,"O","B",19,0,4
11,16,"O","B",6,0,1
11,17,"O","B",1,0,5
11,18,"O","B",2,0,1
11,19,"O","B",5,0,1
11,20,"O","B",20,0,1
11,21,"O","B",4,1,5
11,22,"O","B",3,1,4
11,23,"O","B",16,1,6
11,24,"O","B",14,1,6
11,25,"O","B",7,1,2
11,26,"O","B",18,1,3
11,27,"O","B",10,1,1
11,28,"O","B",15,1,4
11,29,"O","B",9,1,6
11,30,"O","B",13,1,6
11,31,"O","B",11,1,2
11,32,"O","B",8,1,6
11,33,"O","B",17,1,6
11,34,"O","B",12,1,4
11,35,"O","B",19,1,6
11,36,"O","B",6,1,6
11,37,"O","B",1,1,4
11,38,"O","B",2,1,2
11,39,"O","B",5,1,1
11,40,"O","B",20,1,3
12,1,"O","A",4,0,2
12,2,"O","A",3,0,2
12,3,"O","A",16,0,1
12,4,"O","A",14,0,2
12,5,"O","A",7,0,1
12,6,"O","A",18,0,2
12,7,"O","A",10,0,2
12,8,"O","A",15,0,2
12,9,"O","A",9,0,3
12,10,"O","A",13,0,2
12,11,"O","A",11,0,2
12,12,"O","A",8,0,2
12,13,"O","A",17,0,2
12,14,"O","A",12,0,1
12,15,"O","A",19,0,1
12,16,"O","A",6,0,2
12,17,"O","A",1,0,2
12,18,"O","A",2,0,3
12,19,"O","A",5,0,1
12,20,"O","A",20,0,1
12,21,"O","A",4,1,2
12,22,"O","A",3,1,1
12,23,"O","A",16,1,2
12,24,"O","A",14,1,3
12,25,"O","A",7,1,5
12,26,"O","A",18,1,3
12,27,"O","A",10,1,4
12,28,"O","A",15,1,4
12,29,"O","A",9,1,5
12,30,"O","A",13,1,1
12,31,"O","A",11,1,3
12,32,"O","A",8,1,3
12,33,"O","A",17,1,5
12,34,"O","A",12,1,3
12,35,"O","A",19,1,2
12,36,"O","A",6,1,1
12,37,"O","A",1,1,4
12,38,"O","A",2,1,3
12,39,"O","A",5,1,1
12,40,"O","A",20,1,1
12,1,"O","B",4,0,1
12,2,"O","B",3,0,4
12,3,"O","B",16,0,1
12,4,"O","B",14,0,4
12,5,"O","B",7,0,3
12,6,"O","B",18,0,1
12,7,"O","B",10,0,2
12,8,"O","B",15,0,2
12,9,"O","B",9,0,1
12,10,"O","B",13,0,2
12,11,"O","B",11,0,2
12,12,"O","B",8,0,4
12,13,"O","B",17,0,2
12,14,"O","B",12,0,2
12,15,"O","B",19,0,2
12,16,"O","B",6,0,2
12,17,"O","B",1,0,2
12,18,"O","B",2,0,5
12,19,"O","B",5,0,1
12,20,"O","B",20,0,1
12,21,"O","B",4,1,6
12,22,"O","B",3,1,5
12,23,"O","B",16,1,6
12,24,"O","B",14,1,5
12,25,"O","B",7,1,6
12,26,"O","B",18,1,6
12,27,"O","B",10,1,4
12,28,"O","B",15,1,5
12,29,"O","B",9,1,6
12,30,"O","B",13,1,6
12,31,"O","B",11,1,6
12,32,"O","B",8,1,6
12,33,"O","B",17,1,5
12,34,"O","B",12,1,3
12,35,"O","B",19,1,6
12,36,"O","B",6,1,5
12,37,"O","B",1,1,5
12,38,"O","B",2,1,6
12,39,"O","B",5,1,5
12,40,"O","B",20,1,6
13,1,"O","A",4,0,3
13,2,"O","A",3,0,3
13,3,"O","A",16,0,3
13,4,"O","A",14,0,2
13,5,"O","A",7,0,2
13,6,"O","A",18,0,1
13,7,"O","A",10,0,1
13,8,"O","A",15,0,1
13,9,"O","A",9,0,1
13,10,"O","A",13,0,2
13,11,"O","A",11,0,3
13,12,"O","A",8,0,1
13,13,"O","A",17,0,1
13,14,"O","A",12,0,1
13,15,"O","A",19,0,6
13,16,"O","A",6,0,1
13,17,"O","A",1,0,1
13,18,"O","A",2,0,2
13,19,"O","A",5,0,2
13,20,"O","A",20,0,2
13,21,"O","A",4,1,1
13,22,"O","A",3,1,2
13,23,"O","A",16,1,1
13,24,"O","A",14,1,1
13,25,"O","A",7,1,3
13,26,"O","A",18,1,2
13,27,"O","A",10,1,4
13,28,"O","A",15,1,1
13,29,"O","A",9,1,2
13,30,"O","A",13,1,2
13,31,"O","A",11,1,2
13,32,"O","A",8,1,2
13,33,"O","A",17,1,5
13,34,"O","A",12,1,2
13,35,"O","A",19,1,3
13,36,"O","A",6,1,2
13,37,"O","A",1,1,1
13,38,"O","A",2,1,2
13,39,"O","A",5,1,1
13,40,"O","A",20,1,4
13,1,"O","B",4,0,1
13,2,"O","B",3,0,1
13,3,"O","B",16,0,1
13,4,"O","B",14,0,2
13,5,"O","B",7,0,3
13,6,"O","B",18,0,1
13,7,"O","B",10,0,1
13,8,"O","B",15,0,2
13,9,"O","B",9,0,5
13,10,"O","B",13,0,1
13,11,"O","B",11,0,1
13,12,"O","B",8,0,1
13,13,"O","B",17,0,4
13,14,"O","B",12,0,2
13,15,"O","B",19,0,1
13,16,"O","B",6,0,1
13,17,"O","B",1,0,4
13,18,"O","B",2,0,1
13,19,"O","B",5,0,1
13,20,"O","B",20,0,1
13,21,"O","B",4,1,3
13,22,"O","B",3,1,5
13,23,"O","B",16,1,3
13,24,"O","B",14,1,3
13,25,"O","B",7,1,1
13,26,"O","B",18,1,4
13,27,"O","B",10,1,1
13,28,"O","B",15,1,3
13,29,"O","B",9,1,5
13,30,"O","B",13,1,2
13,31,"O","B",11,1,2
13,32,"O","B",8,1,2
13,33,"O","B",17,1,5
13,34,"O","B",12,1,1
13,35,"O","B",19,1,1
13,36,"O","B",6,1,3
13,37,"O","B",1,1,3
13,38,"O","B",2,1,6
13,39,"O","B",5,1,1
13,40,"O","B",20,1,2
14,1,"O","A",4,0,2
14,2,"O","A",3,0,1
14,3,"O","A",16,0,1
14,4,"O","A",14,0,3
14,5,"O","A",7,0,2
14,6,"O","A",18,0,1
14,7,"O","A",10,0,1
14,8,"O","A",15,0,1
14,9,"O","A",9,0,4
14,10,"O","A",13,0,3
14,11,"O","A",11,0,3
14,12,"O","A",8,0,2
14,13,"O","A",17,0,2
14,14,"O","A",12,0,3
14,15,"O","A",19,0,2
14,16,"O","A",6,0,1
14,17,"O","A",1,0,5
14,18,"O","A",2,0,6
14,19,"O","A",5,0,3
14,20,"O","A",20,0,1
14,21,"O","A",4,1,3
14,22,"O","A",3,1,4
14,23,"O","A",16,1,2
14,24,"O","A",14,1,4
14,25,"O","A",7,1,2
14,26,"O","A",18,1,3
14,27,"O","A",10,1,2
14,28,"O","A",15,1,4
14,29,"O","A",9,1,1
14,30,"O","A",13,1,2
14,31,"O","A",11,1,4
14,32,"O","A",8,1,3
14,33,"O","A",17,1,5
14,34,"O","A",12,1,1
14,35,"O","A",19,1,2
14,36,"O","A",6,1,3
14,37,"O","A",1,1,6
14,38,"O","A",2,1,2
14,39,"O","A",5,1,5
14,40,"O","A",20,1,5
14,1,"O","B",4,0,1
14,2,"O","B",3,0,1
14,3,"O","B",16,0,4
14,4,"O","B",14,0,3
14,5,"O","B",7,0,1
14,6,"O","B",18,0,4
14,7,"O","B",10,0,1
14,8,"O","B",15,0,4
14,9,"O","B",9,0,1
14,10,"O","B",13,0,6
14,11,"O","B",11,0,2
14,12,"O","B",8,0,5
14,13,"O","B",17,0,1
14,14,"O","B",12,0,1
14,15,"O","B",19,0,4
14,16,"O","B",6,0,1
14,17,"O","B",1,0,3
14,18,"O","B",2,0,1
14,19,"O","B",5,0,1
14,20,"O","B",20,0,1
14,21,"O","B",4,1,5
14,22,"O","B",3,1,2
14,23,"O","B",16,1,5
14,24,"O","B",14,1,6
14,25,"O","B",7,1,5
14,26,"O","B",18,1,2
14,27,"O","B",10,1,6
14,28,"O","B",15,1,6
14,29,"O","B",9,1,2
14,30,"O","B",13,1,5
14,31,"O","B",11,1,4
14,32,"O","B",8,1,6
14,33,"O","B",17,1,6
14,34,"O","B",12,1,6
14,35,"O","B",19,1,4
14,36,"O","B",6,1,6
14,37,"O","B",1,1,4
14,38,"O","B",2,1,6
14,39,"O","B",5,1,1
14,40,"O","B",20,1,2
15,1,"O","A",4,0,2
15,2,"O","A",3,0,2
15,3,"O","A",16,0,1
15,4,"O","A",14,0,1
15,5,"O","A",7,0,1
15,6,"O","A",18,0,3
15,7,"O","A",10,0,2
15,8,"O","A",15,0,1
15,9,"O","A",9,0,1
15,10,"O","A",13,0,5
15,11,"O","A",11,0,1
15,12,"O","A",8,0,3
15,13,"O","A",17,0,1
15,14,"O","A",12,0,1
15,15,"O","A",19,0,2
15,16,"O","A",6,0,1
15,17,"O","A",1,0,1
15,18,"O","A",2,0,2
15,19,"O","A",5,0,1
15,20,"O","A",20,0,1
15,21,"O","A",4,1,2
15,22,"O","A",3,1,1
15,23,"O","A",16,1,3
15,24,"O","A",14,1,2
15,25,"O","A",7,1,4
15,26,"O","A",18,1,6
15,27,"O","A",10,1,3
15,28,"O","A",15,1,1
15,29,"O","A",9,1,6
15,30,"O","A",13,1,2
15,31,"O","A",11,1,1
15,32,"O","A",8,1,5
15,33,"O","A",17,1,5
15,34,"O","A",12,1,1
15,35,"O","A",19,1,3
15,36,"O","A",6,1,1
15,37,"O","A",1,1,5
15,38,"O","A",2,1,3
15,39,"O","A",5,1,1
15,40,"O","A",20,1,2
15,1,"O","B",4,0,1
15,2,"O","B",3,0,1
15,3,"O","B",16,0,1
15,4,"O","B",14,0,2
15,5,"O","B",7,0,1
15,6,"O","B",18,0,2
15,7,"O","B",10,0,2
15,8,"O","B",15,0,3
15,9,"O","B",9,0,1
15,10,"O","B",13,0,1
15,11,"O","B",11,0,2
15,12,"O","B",8,0,1
15,13,"O","B",17,0,2
15,14,"O","B",12,0,1
15,15,"O","B",19,0,1
15,16,"O","B",6,0,2
15,17,"O","B",1,0,4
15,18,"O","B",2,0,1
15,19,"O","B",5,0,1
15,20,"O","B",20,0,1
15,21,"O","B",4,1,6
15,22,"O","B",3,1,6
15,23,"O","B",16,1,6
15,24,"O","B",14,1,5
15,25,"O","B",7,1,6
15,26,"O","B",18,1,6
15,27,"O","B",10,1,6
15,28,"O","B",15,1,6
15,29,"O","B",9,1,6
15,30,"O","B",13,1,6
15,31,"O","B",11,1,6
15,32,"O","B",8,1,6
15,33,"O","B",17,1,6
15,34,"O","B",12,1,6
15,35,"O","B",19,1,6
15,36,"O","B",6,1,6
15,37,"O","B",1,1,6
15,38,"O","B",2,1,6
15,39,"O","B",5,1,4
15,40,"O","B",20,1,6
16,1,"O","A",4,0,3
16,2,"O","A",3,0,1
16,3,"O","A",16,0,2
16,4,"O","A",14,0,3
16,5,"O","A",7,0,1
16,6,"O","A",18,0,1
16,7,"O","A",10,0,3
16,8,"O","A",15,0,1
16,9,"O","A",9,0,1
16,10,"O","A",13,0,1
16,11,"O","A",11,0,1
16,12,"O","A",8,0,1
16,13,"O","A",17,0,1
16,14,"O","A",12,0,1
16,15,"O","A",19,0,2
16,16,"O","A",6,0,1
16,17,"O","A",1,0,1
16,18,"O","A",2,0,1
16,19,"O","A",5,0,1
16,20,"O","A",20,0,2
16,21,"O","A",4,1,3
16,22,"O","A",3,1,6
16,23,"O","A",16,1,1
16,24,"O","A",14,1,3
16,25,"O","A",7,1,1
16,26,"O","A",18,1,3
16,27,"O","A",10,1,5
16,28,"O","A",15,1,5
16,29,"O","A",9,1,5
16,30,"O","A",13,1,4
16,31,"O","A",11,1,2
16,32,"O","A",8,1,6
16,33,"O","A",17,1,4
16,34,"O","A",12,1,2
16,35,"O","A",19,1,2
16,36,"O","A",6,1,4
16,37,"O","A",1,1,5
16,38,"O","A",2,1,6
16,39,"O","A",5,1,2
16,40,"O","A",20,1,1
16,1,"O","B",4,0,1
16,2,"O","B",3,0,2
16,3,"O","B",16,0,1
16,4,"O","B",14,0,1
16,5,"O","B",7,0,1
16,6,"O","B",18,0,1
16,7,"O","B",10,0,3
16,8,"O","B",15,0,2
16,9,"O","B",9,0,1
16,10,"O","B",13,0,4
16,11,"O","B",11,0,1
16,12,"O","B",8,0,1
16,13,"O","B",17,0,4
16,14,"O","B",12,0,1
16,15,"O","B",19,0,1
16,16,"O","B",6,0,1
16,17,"O","B",1,0,1
16,18,"O","B",2,0,3
16,19,"O","B",5,0,1
16,20,"O","B",20,0,1
16,21,"O","B",4,1,2
16,22,"O","B",3,1,2
16,23,"O","B",16,1,6
16,24,"O","B",14,1,1
16,25,"O","B",7,1,1
16,26,"O","B",18,1,2
16,27,"O","B",10,1,1
16,28,"O","B",15,1,1
16,29,"O","B",9,1,6
16,30,"O","B",13,1,5
16,31,"O","B",11,1,2
16,32,"O","B",8,1,6
16,33,"O","B",17,1,6
16,34,"O","B",12,1,1
16,35,"O","B",19,1,2
16,36,"O","B",6,1,3
16,37,"O","B",1,1,1
16,38,"O","B",2,1,1
16,39,"O","B",5,1,1
16,40,"O","B",20,1,2
17,1,"O","A",4,0,1
17,2,"O","A",3,0,5
17,3,"O","A",16,0,1
17,4,"O","A",14,0,5
17,5,"O","A",7,0,5
17,6,"O","A",18,0,3
17,7,"O","A",10,0,1
17,8,"O","A",15,0,2
17,9,"O","A",9,0,1
17,10,"O","A",13,0,1
17,11,"O","A",11,0,1
17,12,"O","A",8,0,2
17,13,"O","A",17,0,3
17,14,"O","A",12,0,1
17,15,"O","A",19,0,1
17,16,"O","A",6,0,1
17,17,"O","A",1,0,4
17,18,"O","A",2,0,3
17,19,"O","A",5,0,1
17,20,"O","A",20,0,1
17,21,"O","A",4,1,4
17,22,"O","A",3,1,5
17,23,"O","A",16,1,5
17,24,"O","A",14,1,1
17,25,"O","A",7,1,6
17,26,"O","A",18,1,1
17,27,"O","A",10,1,5
17,28,"O","A",15,1,1
17,29,"O","A",9,1,2
17,30,"O","A",13,1,1
17,31,"O","A",11,1,1
17,32,"O","A",8,1,2
17,33,"O","A",17,1,1
17,34,"O","A",12,1,1
17,35,"O","A",19,1,4
17,36,"O","A",6,1,1
17,37,"O","A",1,1,1
17,38,"O","A",2,1,2
17,39,"O","A",5,1,2
17,40,"O","A",20,1,2
17,1,"O","B",4,0,6
17,2,"O","B",3,0,2
17,3,"O","B",16,0,2
17,4,"O","B",14,0,1
17,5,"O","B",7,0,3
17,6,"O","B",18,0,2
17,7,"O","B",10,0,2
17,8,"O","B",15,0,2
17,9,"O","B",9,0,1
17,10,"O","B",13,0,1
17,11,"O","B",11,0,1
17,12,"O","B",8,0,2
17,13,"O","B",17,0,1
17,14,"O","B",12,0,1
17,15,"O","B",19,0,2
17,16,"O","B",6,0,1
17,17,"O","B",1,0,1
17,18,"O","B",2,0,1
17,19,"O","B",5,0,1
17,20,"O","B",20,0,6
17,21,"O","B",4,1,2
17,22,"O","B",3,1,1
17,23,"O","B",16,1,6
17,24,"O","B",14,1,5
17,25,"O","B",7,1,3
17,26,"O","B",18,1,6
17,27,"O","B",10,1,5
17,28,"O","B",15,1,6
17,29,"O","B",9,1,4
17,30,"O","B",13,1,2
17,31,"O","B",11,1,6
17,32,"O","B",8,1,2
17,33,"O","B",17,1,5
17,34,"O","B",12,1,6
17,35,"O","B",19,1,6
17,36,"O","B",6,1,6
17,37,"O","B",1,1,6
17,38,"O","B",2,1,6
17,39,"O","B",5,1,1
17,40,"O","B",20,1,6
18,1,"O","A",4,0,2
18,2,"O","A",3,0,1
18,3,"O","A",16,0,1
18,4,"O","A",14,0,2
18,5,"O","A",7,0,2
18,6,"O","A",18,0,1
18,7,"O","A",10,0,3
18,8,"O","A",15,0,5
18,9,"O","A",9,0,1
18,10,"O","A",13,0,4
18,11,"O","A",11,0,1
18,12,"O","A",8,0,1
18,13,"O","A",17,0,4
18,14,"O","A",12,0,1
18,15,"O","A",19,0,2
18,16,"O","A",6,0,4
18,17,"O","A",1,0,5
18,18,"O","A",2,0,2
18,19,"O","A",5,0,1
18,20,"O","A",20,0,1
18,21,"O","A",4,1,1
18,22,"O","A",3,1,4
18,23,"O","A",16,1,1
18,24,"O","A",14,1,2
18,25,"O","A",7,1,1
18,26,"O","A",18,1,1
18,27,"O","A",10,1,2
18,28,"O","A",15,1,2
18,29,"O","A",9,1,1
18,30,"O","A",13,1,5
18,31,"O","A",11,1,2
18,32,"O","A",8,1,3
18,33,"O","A",17,1,2
18,34,"O","A",12,1,1
18,35,"O","A",19,1,1
18,36,"O","A",6,1,2
18,37,"O","A",1,1,5
18,38,"O","A",2,1,3
18,39,"O","A",5,1,3
18,40,"O","A",20,1,5
18,1,"O","B",4,0,2
18,2,"O","B",3,0,3
18,3,"O","B",16,0,1
18,4,"O","B",14,0,3
18,5,"O","B",7,0,3
18,6,"O","B",18,0,2
18,7,"O","B",10,0,2
18,8,"O","B",15,0,2
18,9,"O","B",9,0,1
18,10,"O","B",13,0,3
18,11,"O","B",11,0,3
18,12,"O","B",8,0,2
18,13,"O","B",17,0,3
18,14,"O","B",12,0,2
18,15,"O","B",19,0,1
18,16,"O","B",6,0,2
18,17,"O","B",1,0,3
18,18,"O","B",2,0,2
18,19,"O","B",5,0,1
18,20,"O","B",20,0,1
18,21,"O","B",4,1,3
18,22,"O","B",3,1,4
18,23,"O","B",16,1,3
18,24,"O","B",14,1,3
18,25,"O","B",7,1,6
18,26,"O","B",18,1,1
18,27,"O","B",10,1,6
18,28,"O","B",15,1,5
18,29,"O","B",9,1,5
18,30,"O","B",13,1,5
18,31,"O","B",11,1,6
18,32,"O","B",8,1,6
18,33,"O","B",17,1,6
18,34,"O","B",12,1,4
18,35,"O","B",19,1,2
18,36,"O","B",6,1,2
18,37,"O","B",1,1,6
18,38,"O","B",2,1,6
18,39,"O","B",5,1,2
18,40,"O","B",20,1,3
19,1,"O","A",4,0,2
19,2,"O","A",3,0,1
19,3,"O","A",16,0,3
19,4,"O","A",14,0,3
19,5,"O","A",7,0,1
19,6,"O","A",18,0,1
19,7,"O","A",10,0,2
19,8,"O","A",15,0,2
19,9,"O","A",9,0,1
19,10,"O","A",13,0,3
19,11,"O","A",11,0,1
19,12,"O","A",8,0,3
19,13,"O","A",17,0,3
19,14,"O","A",12,0,2
19,15,"O","A",19,0,2
19,16,"O","A",6,0,2
19,17,"O","A",1,0,3
19,18,"O","A",2,0,3
19,19,"O","A",5,0,2
19,20,"O","A",20,0,4
19,21,"O","A",4,1,4
19,22,"O","A",3,1,5
19,23,"O","A",16,1,3
19,24,"O","A",14,1,4
19,25,"O","A",7,1,5
19,26,"O","A",18,1,3
19,27,"O","A",10,1,2
19,28,"O","A",15,1,5
19,29,"O","A",9,1,1
19,30,"O","A",13,1,1
19,31,"O","A",11,1,3
19,32,"O","A",8,1,4
19,33,"O","A",17,1,2
19,34,"O","A",12,1,1
19,35,"O","A",19,1,5
19,36,"O","A",6,1,5
19,37,"O","A",1,1,5
19,38,"O","A",2,1,2
19,39,"O","A",5,1,2
19,40,"O","A",20,1,5
19,1,"O","B",4,0,3
19,2,"O","B",3,0,5
19,3,"O","B",16,0,1
19,4,"O","B",14,0,1
19,5,"O","B",7,0,2
19,6,"O","B",18,0,2
19,7,"O","B",10,0,3
19,8,"O","B",15,0,2
19,9,"O","B",9,0,1
19,10,"O","B",13,0,1
19,11,"O","B",11,0,3
19,12,"O","B",8,0,2
19,13,"O","B",17,0,2
19,14,"O","B",12,0,1
19,15,"O","B",19,0,1
19,16,"O","B",6,0,1
19,17,"O","B",1,0,3
19,18,"O","B",2,0,4
19,19,"O","B",5,0,2
19,20,"O","B",20,0,1
19,21,"O","B",4,1,6
19,22,"O","B",3,1,6
19,23,"O","B",16,1,6
19,24,"O","B",14,1,6
19,25,"O","B",7,1,6
19,26,"O","B",18,1,5
19,27,"O","B",10,1,6
19,28,"O","B",15,1,6
19,29,"O","B",9,1,6
19,30,"O","B",13,1,6
19,31,"O","B",11,1,6
19,32,"O","B",8,1,6
19,33,"O","B",17,1,6
19,34,"O","B",12,1,6
19,35,"O","B",19,1,6
19,36,"O","B",6,1,6
19,37,"O","B",1,1,6
19,38,"O","B",2,1,6
19,39,"O","B",5,1,6
19,40,"O","B",20,1,6
20,1,"O","A",4,0,2
20,2,"O","A",3,0,2
20,3,"O","A",16,0,2
20,4,"O","A",14,0,3
20,5,"O","A",7,0,3
20,6,"O","A",18,0,1
20,7,"O","A",10,0,2
20,8,"O","A",15,0,3
20,9,"O","A",9,0,2
20,10,"O","A",13,0,2
20,11,"O","A",11,0,4
20,12,"O","A",8,0,3
20,13,"O","A",17,0,3
20,14,"O","A",12,0,3
20,15,"O","A",19,0,2
20,16,"O","A",6,0,3
20,17,"O","A",1,0,2
20,18,"O","A",2,0,2
20,19,"O","A",5,0,2
20,20,"O","A",20,0,3
20,21,"O","A",4,1,4
20,22,"O","A",3,1,5
20,23,"O","A",16,1,3
20,24,"O","A",14,1,3
20,25,"O","A",7,1,2
20,26,"O","A",18,1,4
20,27,"O","A",10,1,4
20,28,"O","A",15,1,4
20,29,"O","A",9,1,1
20,30,"O","A",13,1,3
20,31,"O","A",11,1,4
20,32,"O","A",8,1,3
20,33,"O","A",17,1,2
20,34,"O","A",12,1,3
20,35,"O","A",19,1,5
20,36,"O","A",6,1,2
20,37,"O","A",1,1,2
20,38,"O","A",2,1,3
20,39,"O","A",5,1,3
20,40,"O","A",20,1,3
20,1,"O","B",4,0,3
20,2,"O","B",3,0,4
20,3,"O","B",16,0,5
20,4,"O","B",14,0,2
20,5,"O","B",7,0,1
20,6,"O","B",18,0,2
20,7,"O","B",10,0,3
20,8,"O","B",15,0,2
20,9,"O","B",9,0,2
20,10,"O","B",13,0,2
20,11,"O","B",11,0,1
20,12,"O","B",8,0,2
20,13,"O","B",17,0,2
20,14,"O","B",12,0,1
20,15,"O","B",19,0,3
20,16,"O","B",6,0,3
20,17,"O","B",1,0,3
20,18,"O","B",2,0,3
20,19,"O","B",5,0,1
20,20,"O","B",20,0,1
20,21,"O","B",4,1,6
20,22,"O","B",3,1,6
20,23,"O","B",16,1,6
20,24,"O","B",14,1,6
20,25,"O","B",7,1,6
20,26,"O","B",18,1,6
20,27,"O","B",10,1,6
20,28,"O","B",15,1,6
20,29,"O","B",9,1,6
20,30,"O","B",13,1,5
20,31,"O","B",11,1,6
20,32,"O","B",8,1,5
20,33,"O","B",17,1,6
20,34,"O","B",12,1,6
20,35,"O","B",19,1,6
20,36,"O","B",6,1,6
20,37,"O","B",1,1,5
20,38,"O","B",2,1,6
20,39,"O","B",5,1,6
20,40,"O","B",20,1,5
21,1,"O","A",4,0,3
21,2,"O","A",3,0,2
21,3,"O","A",16,0,1
21,4,"O","A",14,0,2
21,5,"O","A",7,0,5
21,6,"O","A",18,0,2
21,7,"O","A",10,0,1
21,8,"O","A",15,0,1
21,9,"O","A",9,0,1
21,10,"O","A",13,0,3
21,11,"O","A",11,0,1
21,12,"O","A",8,0,1
21,13,"O","A",17,0,2
21,14,"O","A",12,0,1
21,15,"O","A",19,0,1
21,16,"O","A",6,0,1
21,17,"O","A",1,0,1
21,18,"O","A",2,0,1
21,19,"O","A",5,0,1
21,20,"O","A",20,0,1
21,21,"O","A",4,1,6
21,22,"O","A",3,1,3
21,23,"O","A",16,1,1
21,24,"O","A",14,1,4
21,25,"O","A",7,1,2
21,26,"O","A",18,1,1
21,27,"O","A",10,1,3
21,28,"O","A",15,1,2
21,29,"O","A",9,1,1
21,30,"O","A",13,1,2
21,31,"O","A",11,1,3
21,32,"O","A",8,1,2
21,33,"O","A",17,1,4
21,34,"O","A",12,1,3
21,35,"O","A",19,1,1
21,36,"O","A",6,1,1
21,37,"O","A",1,1,4
21,38,"O","A",2,1,2
21,39,"O","A",5,1,1
21,40,"O","A",20,1,1
21,1,"O","B",4,0,1
21,2,"O","B",3,0,1
21,3,"O","B",16,0,1
21,4,"O","B",14,0,1
21,5,"O","B",7,0,1
21,6,"O","B",18,0,2
21,7,"O","B",10,0,1
21,8,"O","B",15,0,1
21,9,"O","B",9,0,1
21,10,"O","B",13,0,1
21,11,"O","B",11,0,2
21,12,"O","B",8,0,2
21,13,"O","B",17,0,1
21,14,"O","B",12,0,1
21,15,"O","B",19,0,2
21,16,"O","B",6,0,1
21,17,"O","B",1,0,4
21,18,"O","B",2,0,1
21,19,"O","B",5,0,2
21,20,"O","B",20,0,1
21,21,"O","B",4,1,5
21,22,"O","B",3,1,2
21,23,"O","B",16,1,6
21,24,"O","B",14,1,6
21,25,"O","B",7,1,3
21,26,"O","B",18,1,6
21,27,"O","B",10,1,6
21,28,"O","B",15,1,5
21,29,"O","B",9,1,5
21,30,"O","B",13,1,5
21,31,"O","B",11,1,6
21,32,"O","B",8,1,6
21,33,"O","B",17,1,5
21,34,"O","B",12,1,3
21,35,"O","B",19,1,6
21,36,"O","B",6,1,1
21,37,"O","B",1,1,6
21,38,"O","B",2,1,6
21,39,"O","B",5,1,3
21,40,"O","B",20,1,1
22,1,"O","A",4,0,1
22,2,"O","A",3,0,1
22,3,"O","A",16,0,3
22,4,"O","A",14,0,4
22,5,"O","A",7,0,1
22,6,"O","A",18,0,4
22,7,"O","A",10,0,1
22,8,"O","A",15,0,1
22,9,"O","A",9,0,1
22,10,"O","A",13,0,1
22,11,"O","A",11,0,1
22,12,"O","A",8,0,4
22,13,"O","A",17,0,1
22,14,"O","A",12,0,1
22,15,"O","A",19,0,1
22,16,"O","A",6,0,2
22,17,"O","A",1,0,1
22,18,"O","A",2,0,2
22,19,"O","A",5,0,1
22,20,"O","A",20,0,1
22,21,"O","A",4,1,4
22,22,"O","A",3,1,3
22,23,"O","A",16,1,4
22,24,"O","A",14,1,3
22,25,"O","A",7,1,4
22,26,"O","A",18,1,3
22,27,"O","A",10,1,1
22,28,"O","A",15,1,3
22,29,"O","A",9,1,2
22,30,"O","A",13,1,5
22,31,"O","A",11,1,4
22,32,"O","A",8,1,6
22,33,"O","A",17,1,4
22,34,"O","A",12,1,5
22,35,"O","A",19,1,2
22,36,"O","A",6,1,3
22,37,"O","A",1,1,2
22,38,"O","A",2,1,4
22,39,"O","A",5,1,1
22,40,"O","A",20,1,3
22,1,"O","B",4,0,1
22,2,"O","B",3,0,1
22,3,"O","B",16,0,1
22,4,"O","B",14,0,2
22,5,"O","B",7,0,3
22,6,"O","B",18,0,1
22,7,"O","B",10,0,1
22,8,"O","B",15,0,3
22,9,"O","B",9,0,1
22,10,"O","B",13,0,2
22,11,"O","B",11,0,1
22,12,"O","B",8,0,4
22,13,"O","B",17,0,4
22,14,"O","B",12,0,2
22,15,"O","B",19,0,3
22,16,"O","B",6,0,1
22,17,"O","B",1,0,4
22,18,"O","B",2,0,1
22,19,"O","B",5,0,1
22,20,"O","B",20,0,4
22,21,"O","B",4,1,6
22,22,"O","B",3,1,6
22,23,"O","B",16,1,6
22,24,"O","B",14,1,6
22,25,"O","B",7,1,6
22,26,"O","B",18,1,6
22,27,"O","B",10,1,4
22,28,"O","B",15,1,6
22,29,"O","B",9,1,6
22,30,"O","B",13,1,5
22,31,"O","B",11,1,6
22,32,"O","B",8,1,6
22,33,"O","B",17,1,6
22,34,"O","B",12,1,6
22,35,"O","B",19,1,6
22,36,"O","B",6,1,6
22,37,"O","B",1,1,6
22,38,"O","B",2,1,6
22,39,"O","B",5,1,6
22,40,"O","B",20,1,6
23,1,"O","A",4,0,1
23,2,"O","A",3,0,1
23,3,"O","A",16,0,1
23,4,"O","A",14,0,2
23,5,"O","A",7,0,1
23,6,"O","A",18,0,2
23,7,"O","A",10,0,1
23,8,"O","A",15,0,1
23,9,"O","A",9,0,1
23,10,"O","A",13,0,1
23,11,"O","A",11,0,2
23,12,"O","A",8,0,4
23,13,"O","A",17,0,5
23,14,"O","A",12,0,1
23,15,"O","A",19,0,2
23,16,"O","A",6,0,1
23,17,"O","A",1,0,3
23,18,"O","A",2,0,1
23,19,"O","A",5,0,1
23,20,"O","A",20,0,2
23,21,"O","A",4,1,3
23,22,"O","A",3,1,3
23,23,"O","A",16,1,5
23,24,"O","A",14,1,1
23,25,"O","A",7,1,2
23,26,"O","A",18,1,4
23,27,"O","A",10,1,2
23,28,"O","A",15,1,4
23,29,"O","A",9,1,1
23,30,"O","A",13,1,5
23,31,"O","A",11,1,4
23,32,"O","A",8,1,4
23,33,"O","A",17,1,5
23,34,"O","A",12,1,3
23,35,"O","A",19,1,3
23,36,"O","A",6,1,2
23,37,"O","A",1,1,2
23,38,"O","A",2,1,6
23,39,"O","A",5,1,3
23,40,"O","A",20,1,2
23,1,"O","B",4,0,3
23,2,"O","B",3,0,3
23,3,"O","B",16,0,1
23,4,"O","B",14,0,2
23,5,"O","B",7,0,3
23,6,"O","B",18,0,1
23,7,"O","B",10,0,2
23,8,"O","B",15,0,2
23,9,"O","B",9,0,1
23,10,"O","B",13,0,2
23,11,"O","B",11,0,1
23,12,"O","B",8,0,1
23,13,"O","B",17,0,1
23,14,"O","B",12,0,1
23,15,"O","B",19,0,1
23,16,"O","B",6,0,1
23,17,"O","B",1,0,1
23,18,"O","B",2,0,2
23,19,"O","B",5,0,1
23,20,"O","B",20,0,1
23,21,"O","B",4,1,5
23,22,"O","B",3,1,6
23,23,"O","B",16,1,6
23,24,"O","B",14,1,2
23,25,"O","B",7,1,4
23,26,"O","B",18,1,2
23,27,"O","B",10,1,6
23,28,"O","B",15,1,6
23,29,"O","B",9,1,6
23,30,"O","B",13,1,6
23,31,"O","B",11,1,6
23,32,"O","B",8,1,5
23,33,"O","B",17,1,6
23,34,"O","B",12,1,4
23,35,"O","B",19,1,6
23,36,"O","B",6,1,5
23,37,"O","B",1,1,4
23,38,"O","B",2,1,1
23,39,"O","B",5,1,6
23,40,"O","B",20,1,5
24,1,"O","A",4,0,2
24,2,"O","A",3,0,1
24,3,"O","A",16,0,3
24,4,"O","A",14,0,1
24,5,"O","A",7,0,1
24,6,"O","A",18,0,2
24,7,"O","A",10,0,1
24,8,"O","A",15,0,4
24,9,"O","A",9,0,1
24,10,"O","A",13,0,1
24,11,"O","A",11,0,2
24,12,"O","A",8,0,4
24,13,"O","A",17,0,2
24,14,"O","A",12,0,2
24,15,"O","A",19,0,3
24,16,"O","A",6,0,3
24,17,"O","A",1,0,1
24,18,"O","A",2,0,2
24,19,"O","A",5,0,2
24,20,"O","A",20,0,2
24,21,"O","A",4,1,2
24,22,"O","A",3,1,4
24,23,"O","A",16,1,3
24,24,"O","A",14,1,3
24,25,"O","A",7,1,2
24,26,"O","A",18,1,5
24,27,"O","A",10,1,3
24,28,"O","A",15,1,3
24,29,"O","A",9,1,1
24,30,"O","A",13,1,2
24,31,"O","A",11,1,3
24,32,"O","A",8,1,5
24,33,"O","A",17,1,1
24,34,"O","A",12,1,5
24,35,"O","A",19,1,3
24,36,"O","A",6,1,4
24,37,"O","A",1,1,2
24,38,"O","A",2,1,2
24,39,"O","A",5,1,3
24,40,"O","A",20,1,2
24,1,"O","B",4,0,3
24,2,"O","B",3,0,3
24,3,"O","B",16,0,2
24,4,"O","B",14,0,3
24,5,"O","B",7,0,3
24,6,"O","B",18,0,2
24,7,"O","B",10,0,1
24,8,"O","B",15,0,1
24,9,"O","B",9,0,4
24,10,"O","B",13,0,3
24,11,"O","B",11,0,1
24,12,"O","B",8,0,3
24,13,"O","B",17,0,3
24,14,"O","B",12,0,1
24,15,"O","B",19,0,1
24,16,"O","B",6,0,3
24,17,"O","B",1,0,2
24,18,"O","B",2,0,4
24,19,"O","B",5,0,2
24,20,"O","B",20,0,2
24,21,"O","B",4,1,5
24,22,"O","B",3,1,4
24,23,"O","B",16,1,5
24,24,"O","B",14,1,5
24,25,"O","B",7,1,2
24,26,"O","B",18,1,1
24,27,"O","B",10,1,1
24,28,"O","B",15,1,6
24,29,"O","B",9,1,6
24,30,"O","B",13,1,2
24,31,"O","B",11,1,6
24,32,"O","B",8,1,5
24,33,"O","B",17,1,4
24,34,"O","B",12,1,3
24,35,"O","B",19,1,3
24,36,"O","B",6,1,2
24,37,"O","B",1,1,6
24,38,"O","B",2,1,5
24,39,"O","B",5,1,4
24,40,"O","B",20,1,5
25,1,"Y","A",4,0,2
25,2,"Y","A",3,0,2
25,3,"Y","A",16,0,2
25,4,"Y","A",14,0,1
25,5,"Y","A",7,0,1
25,6,"Y","A",18,0,3
25,7,"Y","A",10,0,4
25,8,"Y","A",15,0,1
25,9,"Y","A",9,0,1
25,10,"Y","A",13,0,2
25,11,"Y","A",11,0,4
25,12,"Y","A",8,0,5
25,13,"Y","A",17,0,2
25,14,"Y","A",12,0,1
25,15,"Y","A",19,0,6
25,16,"Y","A",6,0,2
25,17,"Y","A",1,0,3
25,18,"Y","A",2,0,3
25,19,"Y","A",5,0,1
25,20,"Y","A",20,0,3
25,21,"Y","A",4,1,5
25,22,"Y","A",3,1,4
25,23,"Y","A",16,1,6
25,24,"Y","A",14,1,3
25,25,"Y","A",7,1,3
25,26,"Y","A",18,1,6
25,27,"Y","A",10,1,2
25,28,"Y","A",15,1,6
25,29,"Y","A",9,1,3
25,30,"Y","A",13,1,6
25,31,"Y","A",11,1,6
25,32,"Y","A",8,1,6
25,33,"Y","A",17,1,6
25,34,"Y","A",12,1,2
25,35,"Y","A",19,1,6
25,36,"Y","A",6,1,6
25,37,"Y","A",1,1,6
25,38,"Y","A",2,1,6
25,39,"Y","A",5,1,4
25,40,"Y","A",20,1,2
25,1,"Y","B",4,0,3
25,2,"Y","B",3,0,1
25,3,"Y","B",16,0,3
25,4,"Y","B",14,0,3
25,5,"Y","B",7,0,1
25,6,"Y","B",18,0,3
25,7,"Y","B",10,0,3
25,8,"Y","B",15,0,4
25,9,"Y","B",9,0,3
25,10,"Y","B",13,0,4
25,11,"Y","B",11,0,4
25,12,"Y","B",8,0,2
25,13,"Y","B",17,0,2
25,14,"Y","B",12,0,3
25,15,"Y","B",19,0,3
25,16,"Y","B",6,0,1
25,17,"Y","B",1,0,3
25,18,"Y","B",2,0,1
25,19,"Y","B",5,0,1
25,20,"Y","B",20,0,3
25,21,"Y","B",4,1,5
25,22,"Y","B",3,1,6
25,23,"Y","B",16,1,6
25,24,"Y","B",14,1,5
25,25,"Y","B",7,1,6
25,26,"Y","B",18,1,4
25,27,"Y","B",10,1,1
25,28,"Y","B",15,1,5
25,29,"Y","B",9,1,6
25,30,"Y","B",13,1,6
25,31,"Y","B",11,1,6
25,32,"Y","B",8,1,3
25,33,"Y","B",17,1,6
25,34,"Y","B",12,1,4
25,35,"Y","B",19,1,4
25,36,"Y","B",6,1,5
25,37,"Y","B",1,1,6
25,38,"Y","B",2,1,4
25,39,"Y","B",5,1,4
25,40,"Y","B",20,1,5
26,1,"Y","A",4,0,3
26,2,"Y","A",3,0,3
26,3,"Y","A",16,0,2
26,4,"Y","A",14,0,3
26,5,"Y","A",7,0,4
26,6,"Y","A",18,0,3
26,7,"Y","A",10,0,4
26,8,"Y","A",15,0,4
26,9,"Y","A",9,0,4
26,10,"Y","A",13,0,2
26,11,"Y","A",11,0,4
26,12,"Y","A",8,0,2
26,13,"Y","A",17,0,4
26,14,"Y","A",12,0,2
26,15,"Y","A",19,0,2
26,16,"Y","A",6,0,2
26,17,"Y","A",1,0,1
26,18,"Y","A",2,0,3
26,19,"Y","A",5,0,5
26,20,"Y","A",20,0,1
26,21,"Y","A",4,1,5
26,22,"Y","A",3,1,6
26,23,"Y","A",16,1,5
26,24,"Y","A",14,1,4
26,25,"Y","A",7,1,5
26,26,"Y","A",18,1,5
26,27,"Y","A",10,1,3
26,28,"Y","A",15,1,5
26,29,"Y","A",9,1,6
26,30,"Y","A",13,1,6
26,31,"Y","A",11,1,6
26,32,"Y","A",8,1,4
26,33,"Y","A",17,1,5
26,34,"Y","A",12,1,6
26,35,"Y","A",19,1,5
26,36,"Y","A",6,1,4
26,37,"Y","A",1,1,6
26,38,"Y","A",2,1,6
26,39,"Y","A",5,1,5
26,40,"Y","A",20,1,4
26,1,"Y","B",4,0,2
26,2,"Y","B",3,0,1
26,3,"Y","B",16,0,3
26,4,"Y","B",14,0,3
26,5,"Y","B",7,0,2
26,6,"Y","B",18,0,3
26,7,"Y","B",10,0,4
26,8,"Y","B",15,0,4
26,9,"Y","B",9,0,3
26,10,"Y","B",13,0,1
26,11,"Y","B",11,0,4
26,12,"Y","B",8,0,3
26,13,"Y","B",17,0,4
26,14,"Y","B",12,0,2
26,15,"Y","B",19,0,3
26,16,"Y","B",6,0,2
26,17,"Y","B",1,0,2
26,18,"Y","B",2,0,2
26,19,"Y","B",5,0,3
26,20,"Y","B",20,0,2
26,21,"Y","B",4,1,5
26,22,"Y","B",3,1,4
26,23,"Y","B",16,1,4
26,24,"Y","B",14,1,3
26,25,"Y","B",7,1,3
26,26,"Y","B",18,1,4
26,27,"Y","B",10,1,4
26,28,"Y","B",15,1,2
26,29,"Y","B",9,1,3
26,30,"Y","B",13,1,4
26,31,"Y","B",11,1,5
26,32,"Y","B",8,1,4
26,33,"Y","B",17,1,4
26,34,"Y","B",12,1,5
26,35,"Y","B",19,1,5
26,36,"Y","B",6,1,3
26,37,"Y","B",1,1,6
26,38,"Y","B",2,1,6
26,39,"Y","B",5,1,6
26,40,"Y","B",20,1,5
27,1,"Y","A",4,0,4
27,2,"Y","A",3,0,4
27,3,"Y","A",16,0,3
27,4,"Y","A",14,0,3
27,5,"Y","A",7,0,2
27,6,"Y","A",18,0,3
27,7,"Y","A",10,0,1
27,8,"Y","A",15,0,2
27,9,"Y","A",9,0,2
27,10,"Y","A",13,0,3
27,11,"Y","A",11,0,2
27,12,"Y","A",8,0,4
27,13,"Y","A",17,0,2
27,14,"Y","A",12,0,4
27,15,"Y","A",19,0,2
27,16,"Y","A",6,0,2
27,17,"Y","A",1,0,5
27,18,"Y","A",2,0,2
27,19,"Y","A",5,0,2
27,20,"Y","A",20,0,4
27,21,"Y","A",4,1,5
27,22,"Y","A",3,1,5
27,23,"Y","A",16,1,6
27,24,"Y","A",14,1,5
27,25,"Y","A",7,1,6
27,26,"Y","A",18,1,5
27,27,"Y","A",10,1,6
27,28,"Y","A",15,1,6
27,29,"Y","A",9,1,6
27,30,"Y","A",13,1,6
27,31,"Y","A",11,1,6
27,32,"Y","A",8,1,6
27,33,"Y","A",17,1,6
27,34,"Y","A",12,1,6
27,35,"Y","A",19,1,6
27,36,"Y","A",6,1,6
27,37,"Y","A",1,1,6
27,38,"Y","A",2,1,6
27,39,"Y","A",5,1,6
27,40,"Y","A",20,1,6
27,1,"Y","B",4,0,3
27,2,"Y","B",3,0,2
27,3,"Y","B",16,0,4
27,4,"Y","B",14,0,3
27,5,"Y","B",7,0,4
27,6,"Y","B",18,0,5
27,7,"Y","B",10,0,2
27,8,"Y","B",15,0,4
27,9,"Y","B",9,0,1
27,10,"Y","B",13,0,2
27,11,"Y","B",11,0,2
27,12,"Y","B",8,0,2
27,13,"Y","B",17,0,3
27,14,"Y","B",12,0,1
27,15,"Y","B",19,0,3
27,16,"Y","B",6,0,2
27,17,"Y","B",1,0,4
27,18,"Y","B",2,0,1
27,19,"Y","B",5,0,2
27,20,"Y","B",20,0,2
27,21,"Y","B",4,1,6
27,22,"Y","B",3,1,5
27,23,"Y","B",16,1,6
27,24,"Y","B",14,1,5
27,25,"Y","B",7,1,6
27,26,"Y","B",18,1,6
27,27,"Y","B",10,1,6
27,28,"Y","B",15,1,6
27,29,"Y","B",9,1,6
27,30,"Y","B",13,1,6
27,31,"Y","B",11,1,6
27,32,"Y","B",8,1,6
27,33,"Y","B",17,1,6
27,34,"Y","B",12,1,5
27,35,"Y","B",19,1,5
27,36,"Y","B",6,1,5
27,37,"Y","B",1,1,6
27,38,"Y","B",2,1,5
27,39,"Y","B",5,1,6
27,40,"Y","B",20,1,6
28,1,"Y","A",4,0,6
28,2,"Y","A",3,0,4
28,3,"Y","A",16,0,2
28,4,"Y","A",14,0,4
28,5,"Y","A",7,0,2
28,6,"Y","A",18,0,1
28,7,"Y","A",10,0,4
28,8,"Y","A",15,0,4
28,9,"Y","A",9,0,2
28,10,"Y","A",13,0,2
28,11,"Y","A",11,0,2
28,12,"Y","A",8,0,6
28,13,"Y","A",17,0,2
28,14,"Y","A",12,0,3
28,15,"Y","A",19,0,3
28,16,"Y","A",6,0,1
28,17,"Y","A",1,0,6
28,18,"Y","A",2,0,4
28,19,"Y","A",5,0,3
28,20,"Y","A",20,0,2
28,21,"Y","A",4,1,5
28,22,"Y","A",3,1,6
28,23,"Y","A",16,1,6
28,24,"Y","A",14,1,4
28,25,"Y","A",7,1,6
28,26,"Y","A",18,1,3
28,27,"Y","A",10,1,6
28,28,"Y","A",15,1,6
28,29,"Y","A",9,1,4
28,30,"Y","A",13,1,6
28,31,"Y","A",11,1,6
28,32,"Y","A",8,1,5
28,33,"Y","A",17,1,4
28,34,"Y","A",12,1,2
28,35,"Y","A",19,1,5
28,36,"Y","A",6,1,5
28,37,"Y","A",1,1,6
28,38,"Y","A",2,1,6
28,39,"Y","A",5,1,5
28,40,"Y","A",20,1,2
28,1,"Y","B",4,0,2
28,2,"Y","B",3,0,2
28,3,"Y","B",16,0,4
28,4,"Y","B",14,0,2
28,5,"Y","B",7,0,3
28,6,"Y","B",18,0,1
28,7,"Y","B",10,0,3
28,8,"Y","B",15,0,2
28,9,"Y","B",9,0,1
28,10,"Y","B",13,0,3
28,11,"Y","B",11,0,1
28,12,"Y","B",8,0,2
28,13,"Y","B",17,0,4
28,14,"Y","B",12,0,3
28,15,"Y","B",19,0,1
28,16,"Y","B",6,0,1
28,17,"Y","B",1,0,3
28,18,"Y","B",2,0,5
28,19,"Y","B",5,0,1
28,20,"Y","B",20,0,4
28,21,"Y","B",4,1,6
28,22,"Y","B",3,1,6
28,23,"Y","B",16,1,6
28,24,"Y","B",14,1,6
28,25,"Y","B",7,1,6
28,26,"Y","B",18,1,5
28,27,"Y","B",10,1,3
28,28,"Y","B",15,1,6
28,29,"Y","B",9,1,4
28,30,"Y","B",13,1,6
28,31,"Y","B",11,1,6
28,32,"Y","B",8,1,3
28,33,"Y","B",17,1,6
28,34,"Y","B",12,1,6
28,35,"Y","B",19,1,6
28,36,"Y","B",6,1,5
28,37,"Y","B",1,1,6
28,38,"Y","B",2,1,6
28,39,"Y","B",5,1,4
28,40,"Y","B",20,1,4
29,1,"Y","A",4,0,4
29,2,"Y","A",3,0,1
29,3,"Y","A",16,0,2
29,4,"Y","A",14,0,4
29,5,"Y","A",7,0,2
29,6,"Y","A",18,0,4
29,7,"Y","A",10,0,2
29,8,"Y","A",15,0,2
29,9,"Y","A",9,0,2
29,10,"Y","A",13,0,3
29,11,"Y","A",11,0,1
29,12,"Y","A",8,0,4
29,13,"Y","A",17,0,2
29,14,"Y","A",12,0,2
29,15,"Y","A",19,0,1
29,16,"Y","A",6,0,4
29,17,"Y","A",1,0,2
29,18,"Y","A",2,0,3
29,19,"Y","A",5,0,3
29,20,"Y","A",20,0,3
29,21,"Y","A",4,1,6
29,22,"Y","A",3,1,5
29,23,"Y","A",16,1,6
29,24,"Y","A",14,1,5
29,25,"Y","A",7,1,5
29,26,"Y","A",18,1,5
29,27,"Y","A",10,1,1
29,28,"Y","A",15,1,4
29,29,"Y","A",9,1,2
29,30,"Y","A",13,1,4
29,31,"Y","A",11,1,5
29,32,"Y","A",8,1,6
29,33,"Y","A",17,1,6
29,34,"Y","A",12,1,3
29,35,"Y","A",19,1,2
29,36,"Y","A",6,1,5
29,37,"Y","A",1,1,5
29,38,"Y","A",2,1,2
29,39,"Y","A",5,1,4
29,40,"Y","A",20,1,4
29,1,"Y","B",4,0,1
29,2,"Y","B",3,0,3
29,3,"Y","B",16,0,1
29,4,"Y","B",14,0,1
29,5,"Y","B",7,0,2
29,6,"Y","B",18,0,5
29,7,"Y","B",10,0,1
29,8,"Y","B",15,0,3
29,9,"Y","B",9,0,2
29,10,"Y","B",13,0,2
29,11,"Y","B",11,0,2
29,12,"Y","B",8,0,3
29,13,"Y","B",17,0,1
29,14,"Y","B",12,0,3
29,15,"Y","B",19,0,2
29,16,"Y","B",6,0,5
29,17,"Y","B",1,0,1
29,18,"Y","B",2,0,3
29,19,"Y","B",5,0,1
29,20,"Y","B",20,0,2
29,21,"Y","B",4,1,4
29,22,"Y","B",3,1,6
29,23,"Y","B",16,1,6
29,24,"Y","B",14,1,5
29,25,"Y","B",7,1,1
29,26,"Y","B",18,1,6
29,27,"Y","B",10,1,3
29,28,"Y","B",15,1,4
29,29,"Y","B",9,1,6
29,30,"Y","B",13,1,6
29,31,"Y","B",11,1,5
29,32,"Y","B",8,1,2
29,33,"Y","B",17,1,6
29,34,"Y","B",12,1,6
29,35,"Y","B",19,1,6
29,36,"Y","B",6,1,2
29,37,"Y","B",1,1,4
29,38,"Y","B",2,1,6
29,39,"Y","B",5,1,6
29,40,"Y","B",20,1,5
30,1,"Y","A",4,0,4
30,2,"Y","A",3,0,1
30,3,"Y","A",16,0,1
30,4,"Y","A",14,0,1
30,5,"Y","A",7,0,5
30,6,"Y","A",18,0,1
30,7,"Y","A",10,0,2
30,8,"Y","A",15,0,1
30,9,"Y","A",9,0,4
30,10,"Y","A",13,0,1
30,11,"Y","A",11,0,1
30,12,"Y","A",8,0,2
30,13,"Y","A",17,0,5
30,14,"Y","A",12,0,1
30,15,"Y","A",19,0,1
30,16,"Y","A",6,0,1
30,17,"Y","A",1,0,1
30,18,"Y","A",2,0,3
30,19,"Y","A",5,0,6
30,20,"Y","A",20,0,1
30,21,"Y","A",4,1,6
30,22,"Y","A",3,1,6
30,23,"Y","A",16,1,6
30,24,"Y","A",14,1,6
30,25,"Y","A",7,1,6
30,26,"Y","A",18,1,6
30,27,"Y","A",10,1,6
30,28,"Y","A",15,1,6
30,29,"Y","A",9,1,6
30,30,"Y","A",13,1,6
30,31,"Y","A",11,1,6
30,32,"Y","A",8,1,6
30,33,"Y","A",17,1,6
30,34,"Y","A",12,1,6
30,35,"Y","A",19,1,6
30,36,"Y","A",6,1,6
30,37,"Y","A",1,1,6
30,38,"Y","A",2,1,6
30,39,"Y","A",5,1,6
30,40,"Y","A",20,1,6
30,1,"Y","B",4,0,1
30,2,"Y","B",3,0,4
30,3,"Y","B",16,0,2
30,4,"Y","B",14,0,2
30,5,"Y","B",7,0,1
30,6,"Y","B",18,0,1
30,7,"Y","B",10,0,5
30,8,"Y","B",15,0,4
30,9,"Y","B",9,0,1
30,10,"Y","B",13,0,3
30,11,"Y","B",11,0,1
30,12,"Y","B",8,0,6
30,13,"Y","B",17,0,1
30,14,"Y","B",12,0,2
30,15,"Y","B",19,0,1
30,16,"Y","B",6,0,4
30,17,"Y","B",1,0,4
30,18,"Y","B",2,0,5
30,19,"Y","B",5,0,2
30,20,"Y","B",20,0,2
30,21,"Y","B",4,1,6
30,22,"Y","B",3,1,6
30,23,"Y","B",16,1,1
30,24,"Y","B",14,1,1
30,25,"Y","B",7,1,3
30,26,"Y","B",18,1,1
30,27,"Y","B",10,1,1
30,28,"Y","B",15,1,5
30,29,"Y","B",9,1,4
30,30,"Y","B",13,1,2
30,31,"Y","B",11,1,5
30,32,"Y","B",8,1,2
30,33,"Y","B",17,1,3
30,34,"Y","B",12,1,1
30,35,"Y","B",19,1,6
30,36,"Y","B",6,1,3
30,37,"Y","B",1,1,6
30,38,"Y","B",2,1,2
30,39,"Y","B",5,1,6
30,40,"Y","B",20,1,2
31,1,"Y","A",4,0,2
31,2,"Y","A",3,0,3
31,3,"Y","A",16,0,2
31,4,"Y","A",14,0,3
31,5,"Y","A",7,0,3
31,6,"Y","A",18,0,3
31,7,"Y","A",10,0,3
31,8,"Y","A",15,0,4
31,9,"Y","A",9,0,3
31,10,"Y","A",13,0,3
31,11,"Y","A",11,0,2
31,12,"Y","A",8,0,4
31,13,"Y","A",17,0,3
31,14,"Y","A",12,0,2
31,15,"Y","A",19,0,2
31,16,"Y","A",6,0,2
31,17,"Y","A",1,0,3
31,18,"Y","A",2,0,4
31,19,"Y","A",5,0,3
31,20,"Y","A",20,0,2
31,21,"Y","A",4,1,5
31,22,"Y","A",3,1,5
31,23,"Y","A",16,1,5
31,24,"Y","A",14,1,4
31,25,"Y","A",7,1,4
31,26,"Y","A",18,1,4
31,27,"Y","A",10,1,4
31,28,"Y","A",15,1,4
31,29,"Y","A",9,1,4
31,30,"Y","A",13,1,3
31,31,"Y","A",11,1,5
31,32,"Y","A",8,1,4
31,33,"Y","A",17,1,5
31,34,"Y","A",12,1,3
31,35,"Y","A",19,1,3
31,36,"Y","A",6,1,5
31,37,"Y","A",1,1,2
31,38,"Y","A",2,1,6
31,39,"Y","A",5,1,6
31,40,"Y","A",20,1,5
31,1,"Y","B",4,0,2
31,2,"Y","B",3,0,2
31,3,"Y","B",16,0,4
31,4,"Y","B",14,0,3
31,5,"Y","B",7,0,4
31,6,"Y","B",18,0,4
31,7,"Y","B",10,0,3
31,8,"Y","B",15,0,1
31,9,"Y","B",9,0,2
31,10,"Y","B",13,0,3
31,11,"Y","B",11,0,3
31,12,"Y","B",8,0,3
31,13,"Y","B",17,0,2
31,14,"Y","B",12,0,3
31,15,"Y","B",19,0,4
31,16,"Y","B",6,0,3
31,17,"Y","B",1,0,2
31,18,"Y","B",2,0,2
31,19,"Y","B",5,0,2
31,20,"Y","B",20,0,2
31,21,"Y","B",4,1,5
31,22,"Y","B",3,1,6
31,23,"Y","B",16,1,6
31,24,"Y","B",14,1,6
31,25,"Y","B",7,1,6
31,26,"Y","B",18,1,4
31,27,"Y","B",10,1,6
31,28,"Y","B",15,1,5
31,29,"Y","B",9,1,5
31,30,"Y","B",13,1,6
31,31,"Y","B",11,1,5
31,32,"Y","B",8,1,3
31,33,"Y","B",17,1,5
31,34,"Y","B",12,1,6
31,35,"Y","B",19,1,5
31,36,"Y","B",6,1,6
31,37,"Y","B",1,1,6
31,38,"Y","B",2,1,5
31,39,"Y","B",5,1,6
31,40,"Y","B",20,1,6
32,1,"Y","A",4,0,2
32,2,"Y","A",3,0,3
32,3,"Y","A",16,0,2
32,4,"Y","A",14,0,3
32,5,"Y","A",7,0,3
32,6,"Y","A",18,0,2
32,7,"Y","A",10,0,4
32,8,"Y","A",15,0,4
32,9,"Y","A",9,0,2
32,10,"Y","A",13,0,4
32,11,"Y","A",11,0,3
32,12,"Y","A",8,0,4
32,13,"Y","A",17,0,3
32,14,"Y","A",12,0,1
32,15,"Y","A",19,0,2
32,16,"Y","A",6,0,1
32,17,"Y","A",1,0,2
32,18,"Y","A",2,0,1
32,19,"Y","A",5,0,4
32,20,"Y","A",20,0,2
32,21,"Y","A",4,1,6
32,22,"Y","A",3,1,6
32,23,"Y","A",16,1,5
32,24,"Y","A",14,1,4
32,25,"Y","A",7,1,5
32,26,"Y","A",18,1,3
32,27,"Y","A",10,1,2
32,28,"Y","A",15,1,4
32,29,"Y","A",9,1,3
32,30,"Y","A",13,1,4
32,31,"Y","A",11,1,5
32,32,"Y","A",8,1,3
32,33,"Y","A",17,1,4
32,34,"Y","A",12,1,4
32,35,"Y","A",19,1,5
32,36,"Y","A",6,1,4
32,37,"Y","A",1,1,5
32,38,"Y","A",2,1,4
32,39,"Y","A",5,1,6
32,40,"Y","A",20,1,4
32,1,"Y","B",4,0,2
32,2,"Y","B",3,0,2
32,3,"Y","B",16,0,2
32,4,"Y","B",14,0,1
32,5,"Y","B",7,0,3
32,6,"Y","B",18,0,1
32,7,"Y","B",10,0,4
32,8,"Y","B",15,0,3
32,9,"Y","B",9,0,4
32,10,"Y","B",13,0,1
32,11,"Y","B",11,0,2
32,12,"Y","B",8,0,5
32,13,"Y","B",17,0,3
32,14,"Y","B",12,0,2
32,15,"Y","B",19,0,3
32,16,"Y","B",6,0,3
32,17,"Y","B",1,0,4
32,18,"Y","B",2,0,4
32,19,"Y","B",5,0,3
32,20,"Y","B",20,0,1
32,21,"Y","B",4,1,4
32,22,"Y","B",3,1,3
32,23,"Y","B",16,1,5
32,24,"Y","B",14,1,2
32,25,"Y","B",7,1,5
32,26,"Y","B",18,1,6
32,27,"Y","B",10,1,3
32,28,"Y","B",15,1,3
32,29,"Y","B",9,1,6
32,30,"Y","B",13,1,5
32,31,"Y","B",11,1,5
32,32,"Y","B",8,1,5
32,33,"Y","B",17,1,4
32,34,"Y","B",12,1,5
32,35,"Y","B",19,1,5
32,36,"Y","B",6,1,5
32,37,"Y","B",1,1,5
32,38,"Y","B",2,1,5
32,39,"Y","B",5,1,5
32,40,"Y","B",20,1,6
33,1,"Y","A",4,0,2
33,2,"Y","A",3,0,3
33,3,"Y","A",16,0,2
33,4,"Y","A",14,0,4
33,5,"Y","A",7,0,4
33,6,"Y","A",18,0,3
33,7,"Y","A",10,0,5
33,8,"Y","A",15,0,4
33,9,"Y","A",9,0,1
33,10,"Y","A",13,0,2
33,11,"Y","A",11,0,3
33,12,"Y","A",8,0,6
33,13,"Y","A",17,0,4
33,14,"Y","A",12,0,1
33,15,"Y","A",19,0,3
33,16,"Y","A",6,0,3
33,17,"Y","A",1,0,4
33,18,"Y","A",2,0,3
33,19,"Y","A",5,0,2
33,20,"Y","A",20,0,2
33,21,"Y","A",4,1,4
33,22,"Y","A",3,1,5
33,23,"Y","A",16,1,5
33,24,"Y","A",14,1,6
33,25,"Y","A",7,1,6
33,26,"Y","A",18,1,4
33,27,"Y","A",10,1,6
33,28,"Y","A",15,1,6
33,29,"Y","A",9,1,5
33,30,"Y","A",13,1,6
33,31,"Y","A",11,1,5
33,32,"Y","A",8,1,4
33,33,"Y","A",17,1,6
33,34,"Y","A",12,1,5
33,35,"Y","A",19,1,6
33,36,"Y","A",6,1,5
33,37,"Y","A",1,1,6
33,38,"Y","A",2,1,5
33,39,"Y","A",5,1,4
33,40,"Y","A",20,1,6
33,1,"Y","B",4,0,3
33,2,"Y","B",3,0,2
33,3,"Y","B",16,0,3
33,4,"Y","B",14,0,3
33,5,"Y","B",7,0,5
33,6,"Y","B",18,0,2
33,7,"Y","B",10,0,3
33,8,"Y","B",15,0,3
33,9,"Y","B",9,0,1
33,10,"Y","B",13,0,3
33,11,"Y","B",11,0,2
33,12,"Y","B",8,0,4
33,13,"Y","B",17,0,4
33,14,"Y","B",12,0,2
33,15,"Y","B",19,0,3
33,16,"Y","B",6,0,3
33,17,"Y","B",1,0,6
33,18,"Y","B",2,0,3
33,19,"Y","B",5,0,3
33,20,"Y","B",20,0,2
33,21,"Y","B",4,1,5
33,22,"Y","B",3,1,6
33,23,"Y","B",16,1,6
33,24,"Y","B",14,1,5
33,25,"Y","B",7,1,6
33,26,"Y","B",18,1,3
33,27,"Y","B",10,1,6
33,28,"Y","B",15,1,6
33,29,"Y","B",9,1,6
33,30,"Y","B",13,1,6
33,31,"Y","B",11,1,4
33,32,"Y","B",8,1,6
33,33,"Y","B",17,1,5
33,34,"Y","B",12,1,5
33,35,"Y","B",19,1,6
33,36,"Y","B",6,1,4
33,37,"Y","B",1,1,6
33,38,"Y","B",2,1,6
33,39,"Y","B",5,1,6
33,40,"Y","B",20,1,4
34,1,"Y","A",4,0,3
34,2,"Y","A",3,0,4
34,3,"Y","A",16,0,3
34,4,"Y","A",14,0,3
34,5,"Y","A",7,0,1
34,6,"Y","A",18,0,3
34,7,"Y","A",10,0,2
34,8,"Y","A",15,0,2
34,9,"Y","A",9,0,1
34,10,"Y","A",13,0,4
34,11,"Y","A",11,0,2
34,12,"Y","A",8,0,4
34,13,"Y","A",17,0,2
34,14,"Y","A",12,0,1
34,15,"Y","A",19,0,2
34,16,"Y","A",6,0,1
34,17,"Y","A",1,0,2
34,18,"Y","A",2,0,1
34,19,"Y","A",5,0,1
34,20,"Y","A",20,0,3
34,21,"Y","A",4,1,4
34,22,"Y","A",3,1,6
34,23,"Y","A",16,1,6
34,24,"Y","A",14,1,2
34,25,"Y","A",7,1,4
34,26,"Y","A",18,1,1
34,27,"Y","A",10,1,6
34,28,"Y","A",15,1,6
34,29,"Y","A",9,1,6
34,30,"Y","A",13,1,2
34,31,"Y","A",11,1,6
34,32,"Y","A",8,1,2
34,33,"Y","A",17,1,2
34,34,"Y","A",12,1,3
34,35,"Y","A",19,1,4
34,36,"Y","A",6,1,6
34,37,"Y","A",1,1,5
34,38,"Y","A",2,1,4
34,39,"Y","A",5,1,5
34,40,"Y","A",20,1,4
34,1,"Y","B",4,0,5
34,2,"Y","B",3,0,1
34,3,"Y","B",16,0,3
34,4,"Y","B",14,0,3
34,5,"Y","B",7,0,1
34,6,"Y","B",18,0,3
34,7,"Y","B",10,0,1
34,8,"Y","B",15,0,4
34,9,"Y","B",9,0,2
34,10,"Y","B",13,0,1
34,11,"Y","B",11,0,1
34,12,"Y","B",8,0,3
34,13,"Y","B",17,0,5
34,14,"Y","B",12,0,2
34,15,"Y","B",19,0,1
34,16,"Y","B",6,0,2
34,17,"Y","B",1,0,1
34,18,"Y","B",2,0,4
34,19,"Y","B",5,0,1
34,20,"Y","B",20,0,1
34,21,"Y","B",4,1,6
34,22,"Y","B",3,1,3
34,23,"Y","B",16,1,5
34,24,"Y","B",14,1,6
34,25,"Y","B",7,1,6
34,26,"Y","B",18,1,1
34,27,"Y","B",10,1,6
34,28,"Y","B",15,1,4
34,29,"Y","B",9,1,6
34,30,"Y","B",13,1,2
34,31,"Y","B",11,1,6
34,32,"Y","B",8,1,4
34,33,"Y","B",17,1,6
34,34,"Y","B",12,1,6
34,35,"Y","B",19,1,6
34,36,"Y","B",6,1,6
34,37,"Y","B",1,1,2
34,38,"Y","B",2,1,6
34,39,"Y","B",5,1,6
34,40,"Y","B",20,1,6
35,1,"Y","A",4,0,1
35,2,"Y","A",3,0,6
35,3,"Y","A",16,0,1
35,4,"Y","A",14,0,1
35,5,"Y","A",7,0,1
35,6,"Y","A",18,0,6
35,7,"Y","A",10,0,6
35,8,"Y","A",15,0,2
35,9,"Y","A",9,0,3
35,10,"Y","A",13,0,1
35,11,"Y","A",11,0,1
35,12,"Y","A",8,0,3
35,13,"Y","A",17,0,2
35,14,"Y","A",12,0,1
35,15,"Y","A",19,0,1
35,16,"Y","A",6,0,1
35,17,"Y","A",1,0,1
35,18,"Y","A",2,0,5
35,19,"Y","A",5,0,1
35,20,"Y","A",20,0,1
35,21,"Y","A",4,1,6
35,22,"Y","A",3,1,6
35,23,"Y","A",16,1,6
35,24,"Y","A",14,1,6
35,25,"Y","A",7,1,6
35,26,"Y","A",18,1,6
35,27,"Y","A",10,1,6
35,28,"Y","A",15,1,6
35,29,"Y","A",9,1,6
35,30,"Y","A",13,1,6
35,31,"Y","A",11,1,6
35,32,"Y","A",8,1,6
35,33,"Y","A",17,1,6
35,34,"Y","A",12,1,6
35,35,"Y","A",19,1,6
35,36,"Y","A",6,1,5
35,37,"Y","A",1,1,6
35,38,"Y","A",2,1,6
35,39,"Y","A",5,1,6
35,40,"Y","A",20,1,6
35,1,"Y","B",4,0,4
35,2,"Y","B",3,0,4
35,3,"Y","B",16,0,2
35,4,"Y","B",14,0,1
35,5,"Y","B",7,0,1
35,6,"Y","B",18,0,1
35,7,"Y","B",10,0,4
35,8,"Y","B",15,0,2
35,9,"Y","B",9,0,1
35,10,"Y","B",13,0,6
35,11,"Y","B",11,0,1
35,12,"Y","B",8,0,6
35,13,"Y","B",17,0,1
35,14,"Y","B",12,0,1
35,15,"Y","B",19,0,1
35,16,"Y","B",6,0,1
35,17,"Y","B",1,0,1
35,18,"Y","B",2,0,1
35,19,"Y","B",5,0,1
35,20,"Y","B",20,0,2
35,21,"Y","B",4,1,5
35,22,"Y","B",3,1,6
35,23,"Y","B",16,1,6
35,24,"Y","B",14,1,6
35,25,"Y","B",7,1,1
35,26,"Y","B",18,1,6
35,27,"Y","B",10,1,5
35,28,"Y","B",15,1,6
35,29,"Y","B",9,1,6
35,30,"Y","B",13,1,4
35,31,"Y","B",11,1,6
35,32,"Y","B",8,1,6
35,33,"Y","B",17,1,6
35,34,"Y","B",12,1,2
35,35,"Y","B",19,1,3
35,36,"Y","B",6,1,2
35,37,"Y","B",1,1,6
35,38,"Y","B",2,1,6
35,39,"Y","B",5,1,5
35,40,"Y","B",20,1,4
36,1,"Y","A",4,0,1
36,2,"Y","A",3,0,3
36,3,"Y","A",16,0,1
36,4,"Y","A",14,0,1
36,5,"Y","A",7,0,1
36,6,"Y","A",18,0,4
36,7,"Y","A",10,0,1
36,8,"Y","A",15,0,2
36,9,"Y","A",9,0,6
36,10,"Y","A",13,0,2
36,11,"Y","A",11,0,1
36,12,"Y","A",8,0,5
36,13,"Y","A",17,0,4
36,14,"Y","A",12,0,2
36,15,"Y","A",19,0,1
36,16,"Y","A",6,0,2
36,17,"Y","A",1,0,1
36,18,"Y","A",2,0,1
36,19,"Y","A",5,0,3
36,20,"Y","A",20,0,1
36,21,"Y","A",4,1,6
36,22,"Y","A",3,1,6
36,23,"Y","A",16,1,6
36,24,"Y","A",14,1,4
36,25,"Y","A",7,1,6
36,26,"Y","A",18,1,4
36,27,"Y","A",10,1,5
36,28,"Y","A",15,1,3
36,29,"Y","A",9,1,6
36,30,"Y","A",13,1,5
36,31,"Y","A",11,1,6
36,32,"Y","A",8,1,6
36,33,"Y","A",17,1,6
36,34,"Y","A",12,1,4
36,35,"Y","A",19,1,6
36,36,"Y","A",6,1,5
36,37,"Y","A",1,1,2
36,38,"Y","A",2,1,6
36,39,"Y","A",5,1,6
36,40,"Y","A",20,1,4
36,1,"Y","B",4,0,1
36,2,"Y","B",3,0,3
36,3,"Y","B",16,0,2
36,4,"Y","B",14,0,4
36,5,"Y","B",7,0,1
36,6,"Y","B",18,0,1
36,7,"Y","B",10,0,4
36,8,"Y","B",15,0,4
36,9,"Y","B",9,0,4
36,10,"Y","B",13,0,2
36,11,"Y","B",11,0,1
36,12,"Y","B",8,0,3
36,13,"Y","B",17,0,3
36,14,"Y","B",12,0,1
36,15,"Y","B",19,0,1
36,16,"Y","B",6,0,1
36,17,"Y","B",1,0,1
36,18,"Y","B",2,0,2
36,19,"Y","B",5,0,2
36,20,"Y","B",20,0,3
36,21,"Y","B",4,1,6
36,22,"Y","B",3,1,2
36,23,"Y","B",16,1,6
36,24,"Y","B",14,1,4
36,25,"Y","B",7,1,6
36,26,"Y","B",18,1,5
36,27,"Y","B",10,1,6
36,28,"Y","B",15,1,6
36,29,"Y","B",9,1,6
36,30,"Y","B",13,1,6
36,31,"Y","B",11,1,5
36,32,"Y","B",8,1,6
36,33,"Y","B",17,1,3
36,34,"Y","B",12,1,4
36,35,"Y","B",19,1,6
36,36,"Y","B",6,1,1
36,37,"Y","B",1,1,4
36,38,"Y","B",2,1,5
36,39,"Y","B",5,1,6
36,40,"Y","B",20,1,6
37,1,"Y","A",4,0,6
37,2,"Y","A",3,0,1
37,3,"Y","A",16,0,1
37,4,"Y","A",14,0,2
37,5,"Y","A",7,0,1
37,6,"Y","A",18,0,1
37,7,"Y","A",10,0,3
37,8,"Y","A",15,0,5
37,9,"Y","A",9,0,1
37,10,"Y","A",13,0,1
37,11,"Y","A",11,0,1
37,12,"Y","A",8,0,6
37,13,"Y","A",17,0,1
37,14,"Y","A",12,0,1
37,15,"Y","A",19,0,1
37,16,"Y","A",6,0,1
37,17,"Y","A",1,0,4
37,18,"Y","A",2,0,1
37,19,"Y","A",5,0,1
37,20,"Y","A",20,0,1
37,21,"Y","A",4,1,6
37,22,"Y","A",3,1,6
37,23,"Y","A",16,1,6
37,24,"Y","A",14,1,6
37,25,"Y","A",7,1,6
37,26,"Y","A",18,1,6
37,27,"Y","A",10,1,6
37,28,"Y","A",15,1,6
37,29,"Y","A",9,1,6
37,30,"Y","A",13,1,6
37,31,"Y","A",11,1,6
37,32,"Y","A",8,1,6
37,33,"Y","A",17,1,6
37,34,"Y","A",12,1,5
37,35,"Y","A",19,1,6
37,36,"Y","A",6,1,1
37,37,"Y","A",1,1,3
37,38,"Y","A",2,1,6
37,39,"Y","A",5,1,6
37,40,"Y","A",20,1,6
37,1,"Y","B",4,0,1
37,2,"Y","B",3,0,5
37,3,"Y","B",16,0,1
37,4,"Y","B",14,0,1
37,5,"Y","B",7,0,1
37,6,"Y","B",18,0,6
37,7,"Y","B",10,0,2
37,8,"Y","B",15,0,1
37,9,"Y","B",9,0,2
37,10,"Y","B",13,0,5
37,11,"Y","B",11,0,1
37,12,"Y","B",8,0,4
37,13,"Y","B",17,0,1
37,14,"Y","B",12,0,1
37,15,"Y","B",19,0,3
37,16,"Y","B",6,0,1
37,17,"Y","B",1,0,6
37,18,"Y","B",2,0,5
37,19,"Y","B",5,0,2
37,20,"Y","B",20,0,2
37,21,"Y","B",4,1,2
37,22,"Y","B",3,1,6
37,23,"Y","B",16,1,6
37,24,"Y","B",14,1,5
37,25,"Y","B",7,1,6
37,26,"Y","B",18,1,3
37,27,"Y","B",10,1,6
37,28,"Y","B",15,1,6
37,29,"Y","B",9,1,4
37,30,"Y","B",13,1,6
37,31,"Y","B",11,1,6
37,32,"Y","B",8,1,6
37,33,"Y","B",17,1,6
37,34,"Y","B",12,1,3
37,35,"Y","B",19,1,6
37,36,"Y","B",6,1,1
37,37,"Y","B",1,1,6
37,38,"Y","B",2,1,6
37,39,"Y","B",5,1,2
37,40,"Y","B",20,1,6
38,1,"Y","A",4,0,1
38,2,"Y","A",3,0,3
38,3,"Y","A",16,0,4
38,4,"Y","A",14,0,2
38,5,"Y","A",7,0,2
38,6,"Y","A",18,0,1
38,7,"Y","A",10,0,1
38,8,"Y","A",15,0,1
38,9,"Y","A",9,0,1
38,10,"Y","A",13,0,5
38,11,"Y","A",11,0,3
38,12,"Y","A",8,0,3
38,13,"Y","A",17,0,3
38,14,"Y","A",12,0,4
38,15,"Y","A",19,0,2
38,16,"Y","A",6,0,3
38,17,"Y","A",1,0,3
38,18,"Y","A",2,0,1
38,19,"Y","A",5,0,1
38,20,"Y","A",20,0,2
38,21,"Y","A",4,1,6
38,22,"Y","A",3,1,5
38,23,"Y","A",16,1,4
38,24,"Y","A",14,1,6
38,25,"Y","A",7,1,6
38,26,"Y","A",18,1,6
38,27,"Y","A",10,1,3
38,28,"Y","A",15,1,6
38,29,"Y","A",9,1,6
38,30,"Y","A",13,1,6
38,31,"Y","A",11,1,6
38,32,"Y","A",8,1,3
38,33,"Y","A",17,1,5
38,34,"Y","A",12,1,6
38,35,"Y","A",19,1,6
38,36,"Y","A",6,1,6
38,37,"Y","A",1,1,6
38,38,"Y","A",2,1,6
38,39,"Y","A",5,1,6
38,40,"Y","A",20,1,6
38,1,"Y","B",4,0,1
38,2,"Y","B",3,0,6
38,3,"Y","B",16,0,2
38,4,"Y","B",14,0,6
38,5,"Y","B",7,0,3
38,6,"Y","B",18,0,2
38,7,"Y","B",10,0,3
38,8,"Y","B",15,0,2
38,9,"Y","B",9,0,3
38,10,"Y","B",13,0,1
38,11,"Y","B",11,0,4
38,12,"Y","B",8,0,3
38,13,"Y","B",17,0,2
38,14,"Y","B",12,0,2
38,15,"Y","B",19,0,2
38,16,"Y","B",6,0,1
38,17,"Y","B",1,0,1
38,18,"Y","B",2,0,2
38,19,"Y","B",5,0,3
38,20,"Y","B",20,0,3
38,21,"Y","B",4,1,6
38,22,"Y","B",3,1,6
38,23,"Y","B",16,1,6
38,24,"Y","B",14,1,6
38,25,"Y","B",7,1,6
38,26,"Y","B",18,1,3
38,27,"Y","B",10,1,6
38,28,"Y","B",15,1,6
38,29,"Y","B",9,1,6
38,30,"Y","B",13,1,6
38,31,"Y","B",11,1,6
38,32,"Y","B",8,1,6
38,33,"Y","B",17,1,6
38,34,"Y","B",12,1,6
38,35,"Y","B",19,1,6
38,36,"Y","B",6,1,6
38,37,"Y","B",1,1,5
38,38,"Y","B",2,1,6
38,39,"Y","B",5,1,6
38,40,"Y","B",20,1,6
39,1,"Y","A",4,0,2
39,2,"Y","A",3,0,4
39,3,"Y","A",16,0,4
39,4,"Y","A",14,0,4
39,5,"Y","A",7,0,3
39,6,"Y","A",18,0,3
39,7,"Y","A",10,0,4
39,8,"Y","A",15,0,3
39,9,"Y","A",9,0,4
39,10,"Y","A",13,0,3
39,11,"Y","A",11,0,3
39,12,"Y","A",8,0,4
39,13,"Y","A",17,0,5
39,14,"Y","A",12,0,3
39,15,"Y","A",19,0,3
39,16,"Y","A",6,0,2
39,17,"Y","A",1,0,2
39,18,"Y","A",2,0,4
39,19,"Y","A",5,0,2
39,20,"Y","A",20,0,2
39,21,"Y","A",4,1,6
39,22,"Y","A",3,1,6
39,23,"Y","A",16,1,6
39,24,"Y","A",14,1,6
39,25,"Y","A",7,1,6
39,26,"Y","A",18,1,5
39,27,"Y","A",10,1,6
39,28,"Y","A",15,1,6
39,29,"Y","A",9,1,6
39,30,"Y","A",13,1,6
39,31,"Y","A",11,1,6
39,32,"Y","A",8,1,6
39,33,"Y","A",17,1,6
39,34,"Y","A",12,1,6
39,35,"Y","A",19,1,6
39,36,"Y","A",6,1,5
39,37,"Y","A",1,1,5
39,38,"Y","A",2,1,6
39,39,"Y","A",5,1,4
39,40,"Y","A",20,1,6
39,1,"Y","B",4,0,4
39,2,"Y","B",3,0,2
39,3,"Y","B",16,0,2
39,4,"Y","B",14,0,3
39,5,"Y","B",7,0,3
39,6,"Y","B",18,0,1
39,7,"Y","B",10,0,3
39,8,"Y","B",15,0,4
39,9,"Y","B",9,0,2
39,10,"Y","B",13,0,3
39,11,"Y","B",11,0,2
39,12,"Y","B",8,0,3
39,13,"Y","B",17,0,5
39,14,"Y","B",12,0,2
39,15,"Y","B",19,0,4
39,16,"Y","B",6,0,2
39,17,"Y","B",1,0,4
39,18,"Y","B",2,0,4
39,19,"Y","B",5,0,2
39,20,"Y","B",20,0,3
39,21,"Y","B",4,1,5
39,22,"Y","B",3,1,5
39,23,"Y","B",16,1,6
39,24,"Y","B",14,1,5
39,25,"Y","B",7,1,4
39,26,"Y","B",18,1,4
39,27,"Y","B",10,1,5
39,28,"Y","B",15,1,3
39,29,"Y","B",9,1,5
39,30,"Y","B",13,1,5
39,31,"Y","B",11,1,6
39,32,"Y","B",8,1,4
39,33,"Y","B",17,1,5
39,34,"Y","B",12,1,2
39,35,"Y","B",19,1,5
39,36,"Y","B",6,1,4
39,37,"Y","B",1,1,5
39,38,"Y","B",2,1,5
39,39,"Y","B",5,1,3
39,40,"Y","B",20,1,5
40,1,"Y","A",4,0,2
40,2,"Y","A",3,0,2
40,3,"Y","A",16,0,2
40,4,"Y","A",14,0,2
40,5,"Y","A",7,0,1
40,6,"Y","A",18,0,2
40,7,"Y","A",10,0,2
40,8,"Y","A",15,0,2
40,9,"Y","A",9,0,1
40,10,"Y","A",13,0,2
40,11,"Y","A",11,0,4
40,12,"Y","A",8,0,6
40,13,"Y","A",17,0,3
40,14,"Y","A",12,0,1
40,15,"Y","A",19,0,5
40,16,"Y","A",6,0,2
40,17,"Y","A",1,0,6
40,18,"Y","A",2,0,1
40,19,"Y","A",5,0,1
40,20,"Y","A",20,0,1
40,21,"Y","A",4,1,6
40,22,"Y","A",3,1,4
40,23,"Y","A",16,1,6
40,24,"Y","A",14,1,6
40,25,"Y","A",7,1,6
40,26,"Y","A",18,1,6
40,27,"Y","A",10,1,6
40,28,"Y","A",15,1,6
40,29,"Y","A",9,1,6
40,30,"Y","A",13,1,6
40,31,"Y","A",11,1,6
40,32,"Y","A",8,1,6
40,33,"Y","A",17,1,5
40,34,"Y","A",12,1,6
40,35,"Y","A",19,1,6
40,36,"Y","A",6,1,4
40,37,"Y","A",1,1,6
40,38,"Y","A",2,1,6
40,39,"Y","A",5,1,6
40,40,"Y","A",20,1,5
40,1,"Y","B",4,0,1
40,2,"Y","B",3,0,4
40,3,"Y","B",16,0,2
40,4,"Y","B",14,0,4
40,5,"Y","B",7,0,1
40,6,"Y","B",18,0,4
40,7,"Y","B",10,0,2
40,8,"Y","B",15,0,3
40,9,"Y","B",9,0,4
40,10,"Y","B",13,0,1
40,11,"Y","B",11,0,2
40,12,"Y","B",8,0,3
40,13,"Y","B",17,0,3
40,14,"Y","B",12,0,5
40,15,"Y","B",19,0,2
40,16,"Y","B",6,0,2
40,17,"Y","B",1,0,5
40,18,"Y","B",2,0,3
40,19,"Y","B",5,0,2
40,20,"Y","B",20,0,2
40,21,"Y","B",4,1,6
40,22,"Y","B",3,1,6
40,23,"Y","B",16,1,6
40,24,"Y","B",14,1,6
40,25,"Y","B",7,1,6
40,26,"Y","B",18,1,6
40,27,"Y","B",10,1,6
40,28,"Y","B",15,1,6
40,29,"Y","B",9,1,6
40,30,"Y","B",13,1,6
40,31,"Y","B",11,1,6
40,32,"Y","B",8,1,6
40,33,"Y","B",17,1,6
40,34,"Y","B",12,1,6
40,35,"Y","B",19,1,6
40,36,"Y","B",6,1,5
40,37,"Y","B",1,1,6
40,38,"Y","B",2,1,6
40,39,"Y","B",5,1,6
40,40,"Y","B",20,1,6
41,1,"Y","A",4,0,3
41,2,"Y","A",3,0,1
41,3,"Y","A",16,0,3
41,4,"Y","A",14,0,3
41,5,"Y","A",7,0,4
41,6,"Y","A",18,0,1
41,7,"Y","A",10,0,1
41,8,"Y","A",15,0,2
41,9,"Y","A",9,0,3
41,10,"Y","A",13,0,5
41,11,"Y","A",11,0,4
41,12,"Y","A",8,0,4
41,13,"Y","A",17,0,5
41,14,"Y","A",12,0,1
41,15,"Y","A",19,0,4
41,16,"Y","A",6,0,4
41,17,"Y","A",1,0,2
41,18,"Y","A",2,0,2
41,19,"Y","A",5,0,1
41,20,"Y","A",20,0,1
41,21,"Y","A",4,1,5
41,22,"Y","A",3,1,6
41,23,"Y","A",16,1,6
41,24,"Y","A",14,1,6
41,25,"Y","A",7,1,6
41,26,"Y","A",18,1,2
41,27,"Y","A",10,1,5
41,28,"Y","A",15,1,4
41,29,"Y","A",9,1,5
41,30,"Y","A",13,1,6
41,31,"Y","A",11,1,6
41,32,"Y","A",8,1,5
41,33,"Y","A",17,1,5
41,34,"Y","A",12,1,5
41,35,"Y","A",19,1,6
41,36,"Y","A",6,1,6
41,37,"Y","A",1,1,6
41,38,"Y","A",2,1,6
41,39,"Y","A",5,1,6
41,40,"Y","A",20,1,6
41,1,"Y","B",4,0,5
41,2,"Y","B",3,0,1
41,3,"Y","B",16,0,4
41,4,"Y","B",14,0,3
41,5,"Y","B",7,0,3
41,6,"Y","B",18,0,2
41,7,"Y","B",10,0,1
41,8,"Y","B",15,0,2
41,9,"Y","B",9,0,1
41,10,"Y","B",13,0,1
41,11,"Y","B",11,0,1
41,12,"Y","B",8,0,4
41,13,"Y","B",17,0,6
41,14,"Y","B",12,0,1
41,15,"Y","B",19,0,3
41,16,"Y","B",6,0,5
41,17,"Y","B",1,0,2
41,18,"Y","B",2,0,2
41,19,"Y","B",5,0,1
41,20,"Y","B",20,0,3
41,21,"Y","B",4,1,4
41,22,"Y","B",3,1,5
41,23,"Y","B",16,1,5
41,24,"Y","B",14,1,3
41,25,"Y","B",7,1,4
41,26,"Y","B",18,1,5
41,27,"Y","B",10,1,2
41,28,"Y","B",15,1,5
41,29,"Y","B",9,1,3
41,30,"Y","B",13,1,5
41,31,"Y","B",11,1,6
41,32,"Y","B",8,1,5
41,33,"Y","B",17,1,5
41,34,"Y","B",12,1,5
41,35,"Y","B",19,1,3
41,36,"Y","B",6,1,2
41,37,"Y","B",1,1,3
41,38,"Y","B",2,1,6
41,39,"Y","B",5,1,6
41,40,"Y","B",20,1,4
42,1,"Y","A",4,0,2
42,2,"Y","A",3,0,2
42,3,"Y","A",16,0,3
42,4,"Y","A",14,0,3
42,5,"Y","A",7,0,2
42,6,"Y","A",18,0,2
42,7,"Y","A",10,0,4
42,8,"Y","A",15,0,3
42,9,"Y","A",9,0,2
42,10,"Y","A",13,0,4
42,11,"Y","A",11,0,2
42,12,"Y","A",8,0,5
42,13,"Y","A",17,0,2
42,14,"Y","A",12,0,4
42,15,"Y","A",19,0,4
42,16,"Y","A",6,0,2
42,17,"Y","A",1,0,3
42,18,"Y","A",2,0,4
42,19,"Y","A",5,0,2
42,20,"Y","A",20,0,2
42,21,"Y","A",4,1,6
42,22,"Y","A",3,1,5
42,23,"Y","A",16,1,5
42,24,"Y","A",14,1,6
42,25,"Y","A",7,1,4
42,26,"Y","A",18,1,4
42,27,"Y","A",10,1,4
42,28,"Y","A",15,1,5
42,29,"Y","A",9,1,4
42,30,"Y","A",13,1,5
42,31,"Y","A",11,1,6
42,32,"Y","A",8,1,6
42,33,"Y","A",17,1,6
42,34,"Y","A",12,1,6
42,35,"Y","A",19,1,5
42,36,"Y","A",6,1,5
42,37,"Y","A",1,1,6
42,38,"Y","A",2,1,6
42,39,"Y","A",5,1,6
42,40,"Y","A",20,1,5
42,1,"Y","B",4,0,3
42,2,"Y","B",3,0,3
42,3,"Y","B",16,0,2
42,4,"Y","B",14,0,4
42,5,"Y","B",7,0,4
42,6,"Y","B",18,0,2
42,7,"Y","B",10,0,3
42,8,"Y","B",15,0,5
42,9,"Y","B",9,0,1
42,10,"Y","B",13,0,5
42,11,"Y","B",11,0,4
42,12,"Y","B",8,0,3
42,13,"Y","B",17,0,4
42,14,"Y","B",12,0,2
42,15,"Y","B",19,0,2
42,16,"Y","B",6,0,3
42,17,"Y","B",1,0,3
42,18,"Y","B",2,0,3
42,19,"Y","B",5,0,4
42,20,"Y","B",20,0,4
42,21,"Y","B",4,1,6
42,22,"Y","B",3,1,6
42,23,"Y","B",16,1,6
42,24,"Y","B",14,1,6
42,25,"Y","B",7,1,6
42,26,"Y","B",18,1,5
42,27,"Y","B",10,1,6
42,28,"Y","B",15,1,6
42,29,"Y","B",9,1,6
42,30,"Y","B",13,1,6
42,31,"Y","B",11,1,6
42,32,"Y","B",8,1,6
42,33,"Y","B",17,1,6
42,34,"Y","B",12,1,6
42,35,"Y","B",19,1,6
42,36,"Y","B",6,1,6
42,37,"Y","B",1,1,6
42,38,"Y","B",2,1,6
42,39,"Y","B",5,1,6
42,40,"Y","B",20,1,6
43,1,"Y","A",4,0,1
43,2,"Y","A",3,0,1
43,3,"Y","A",16,0,1
43,4,"Y","A",14,0,6
43,5,"Y","A",7,0,1
43,6,"Y","A",18,0,1
43,7,"Y","A",10,0,2
43,8,"Y","A",15,0,5
43,9,"Y","A",9,0,2
43,10,"Y","A",13,0,3
43,11,"Y","A",11,0,1
43,12,"Y","A",8,0,6
43,13,"Y","A",17,0,6
43,14,"Y","A",12,0,1
43,15,"Y","A",19,0,5
43,16,"Y","A",6,0,1
43,17,"Y","A",1,0,3
43,18,"Y","A",2,0,1
43,19,"Y","A",5,0,4
43,20,"Y","A",20,0,5
43,21,"Y","A",4,1,4
43,22,"Y","A",3,1,2
43,23,"Y","A",16,1,6
43,24,"Y","A",14,1,6
43,25,"Y","A",7,1,6
43,26,"Y","A",18,1,6
43,27,"Y","A",10,1,6
43,28,"Y","A",15,1,6
43,29,"Y","A",9,1,5
43,30,"Y","A",13,1,6
43,31,"Y","A",11,1,6
43,32,"Y","A",8,1,3
43,33,"Y","A",17,1,6
43,34,"Y","A",12,1,2
43,35,"Y","A",19,1,5
43,36,"Y","A",6,1,6
43,37,"Y","A",1,1,6
43,38,"Y","A",2,1,6
43,39,"Y","A",5,1,6
43,40,"Y","A",20,1,4
43,1,"Y","B",4,0,2
43,2,"Y","B",3,0,4
43,3,"Y","B",16,0,1
43,4,"Y","B",14,0,6
43,5,"Y","B",7,0,1
43,6,"Y","B",18,0,1
43,7,"Y","B",10,0,1
43,8,"Y","B",15,0,1
43,9,"Y","B",9,0,1
43,10,"Y","B",13,0,3
43,11,"Y","B",11,0,2
43,12,"Y","B",8,0,1
43,13,"Y","B",17,0,2
43,14,"Y","B",12,0,1
43,15,"Y","B",19,0,3
43,16,"Y","B",6,0,1
43,17,"Y","B",1,0,2
43,18,"Y","B",2,0,1
43,19,"Y","B",5,0,2
43,20,"Y","B",20,0,1
43,21,"Y","B",4,1,3
43,22,"Y","B",3,1,1
43,23,"Y","B",16,1,1
43,24,"Y","B",14,1,6
43,25,"Y","B",7,1,6
43,26,"Y","B",18,1,6
43,27,"Y","B",10,1,1
43,28,"Y","B",15,1,5
43,29,"Y","B",9,1,2
43,30,"Y","B",13,1,1
43,31,"Y","B",11,1,6
43,32,"Y","B",8,1,1
43,33,"Y","B",17,1,5
43,34,"Y","B",12,1,1
43,35,"Y","B",19,1,6
43,36,"Y","B",6,1,6
43,37,"Y","B",1,1,6
43,38,"Y","B",2,1,2
43,39,"Y","B",5,1,6
43,40,"Y","B",20,1,6
44,1,"Y","A",4,0,2
44,2,"Y","A",3,0,3
44,3,"Y","A",16,0,4
44,4,"Y","A",14,0,5
44,5,"Y","A",7,0,2
44,6,"Y","A",18,0,1
44,7,"Y","A",10,0,1
44,8,"Y","A",15,0,5
44,9,"Y","A",9,0,1
44,10,"Y","A",13,0,3
44,11,"Y","A",11,0,2
44,12,"Y","A",8,0,5
44,13,"Y","A",17,0,6
44,14,"Y","A",12,0,3
44,15,"Y","A",19,0,3
44,16,"Y","A",6,0,4
44,17,"Y","A",1,0,6
44,18,"Y","A",2,0,5
44,19,"Y","A",5,0,1
44,20,"Y","A",20,0,1
44,21,"Y","A",4,1,5
44,22,"Y","A",3,1,2
44,23,"Y","A",16,1,5
44,24,"Y","A",14,1,6
44,25,"Y","A",7,1,6
44,26,"Y","A",18,1,1
44,27,"Y","A",10,1,5
44,28,"Y","A",15,1,6
44,29,"Y","A",9,1,6
44,30,"Y","A",13,1,5
44,31,"Y","A",11,1,6
44,32,"Y","A",8,1,6
44,33,"Y","A",17,1,3
44,34,"Y","A",12,1,6
44,35,"Y","A",19,1,6
44,36,"Y","A",6,1,4
44,37,"Y","A",1,1,4
44,38,"Y","A",2,1,6
44,39,"Y","A",5,1,6
44,40,"Y","A",20,1,5
44,1,"Y","B",4,0,2
44,2,"Y","B",3,0,4
44,3,"Y","B",16,0,3
44,4,"Y","B",14,0,3
44,5,"Y","B",7,0,1
44,6,"Y","B",18,0,1
44,7,"Y","B",10,0,2
44,8,"Y","B",15,0,2
44,9,"Y","B",9,0,1
44,10,"Y","B",13,0,2
44,11,"Y","B",11,0,3
44,12,"Y","B",8,0,2
44,13,"Y","B",17,0,1
44,14,"Y","B",12,0,2
44,15,"Y","B",19,0,3
44,16,"Y","B",6,0,2
44,17,"Y","B",1,0,5
44,18,"Y","B",2,0,2
44,19,"Y","B",5,0,1
44,20,"Y","B",20,0,2
44,21,"Y","B",4,1,6
44,22,"Y","B",3,1,6
44,23,"Y","B",16,1,6
44,24,"Y","B",14,1,6
44,25,"Y","B",7,1,6
44,26,"Y","B",18,1,3
44,27,"Y","B",10,1,6
44,28,"Y","B",15,1,5
44,29,"Y","B",9,1,3
44,30,"Y","B",13,1,6
44,31,"Y","B",11,1,6
44,32,"Y","B",8,1,5
44,33,"Y","B",17,1,6
44,34,"Y","B",12,1,6
44,35,"Y","B",19,1,6
44,36,"Y","B",6,1,5
44,37,"Y","B",1,1,6
44,38,"Y","B",2,1,6
44,39,"Y","B",5,1,5
44,40,"Y","B",20,1,6
45,1,"Y","A",4,0,3
45,2,"Y","A",3,0,1
45,3,"Y","A",16,0,1
45,4,"Y","A",14,0,6
45,5,"Y","A",7,0,5
45,6,"Y","A",18,0,1
45,7,"Y","A",10,0,1
45,8,"Y","A",15,0,4
45,9,"Y","A",9,0,1
45,10,"Y","A",13,0,3
45,11,"Y","A",11,0,3
45,12,"Y","A",8,0,2
45,13,"Y","A",17,0,3
45,14,"Y","A",12,0,1
45,15,"Y","A",19,0,3
45,16,"Y","A",6,0,5
45,17,"Y","A",1,0,5
45,18,"Y","A",2,0,4
45,19,"Y","A",5,0,1
45,20,"Y","A",20,0,1
45,21,"Y","A",4,1,5
45,22,"Y","A",3,1,6
45,23,"Y","A",16,1,6
45,24,"Y","A",14,1,3
45,25,"Y","A",7,1,5
45,26,"Y","A",18,1,1
45,27,"Y","A",10,1,4
45,28,"Y","A",15,1,3
45,29,"Y","A",9,1,1
45,30,"Y","A",13,1,6
45,31,"Y","A",11,1,5
45,32,"Y","A",8,1,5
45,33,"Y","A",17,1,6
45,34,"Y","A",12,1,6
45,35,"Y","A",19,1,6
45,36,"Y","A",6,1,5
45,37,"Y","A",1,1,6
45,38,"Y","A",2,1,6
45,39,"Y","A",5,1,6
45,40,"Y","A",20,1,1
45,1,"Y","B",4,0,1
45,2,"Y","B",3,0,3
45,3,"Y","B",16,0,2
45,4,"Y","B",14,0,3
45,5,"Y","B",7,0,1
45,6,"Y","B",18,0,5
45,7,"Y","B",10,0,1
45,8,"Y","B",15,0,2
45,9,"Y","B",9,0,4
45,10,"Y","B",13,0,5
45,11,"Y","B",11,0,3
45,12,"Y","B",8,0,3
45,13,"Y","B",17,0,1
45,14,"Y","B",12,0,1
45,15,"Y","B",19,0,2
45,16,"Y","B",6,0,1
45,17,"Y","B",1,0,6
45,18,"Y","B",2,0,2
45,19,"Y","B",5,0,1
45,20,"Y","B",20,0,4
45,21,"Y","B",4,1,6
45,22,"Y","B",3,1,4
45,23,"Y","B",16,1,6
45,24,"Y","B",14,1,6
45,25,"Y","B",7,1,6
45,26,"Y","B",18,1,4
45,27,"Y","B",10,1,6
45,28,"Y","B",15,1,6
45,29,"Y","B",9,1,6
45,30,"Y","B",13,1,6
45,31,"Y","B",11,1,6
45,32,"Y","B",8,1,6
45,33,"Y","B",17,1,6
45,34,"Y","B",12,1,3
45,35,"Y","B",19,1,6
45,36,"Y","B",6,1,6
45,37,"Y","B",1,1,6
45,38,"Y","B",2,1,4
45,39,"Y","B",5,1,6
45,40,"Y","B",20,1,6
46,1,"Y","A",4,0,1
46,2,"Y","A",3,0,2
46,3,"Y","A",16,0,4
46,4,"Y","A",14,0,2
46,5,"Y","A",7,0,4
46,6,"Y","A",18,0,2
46,7,"Y","A",10,0,2
46,8,"Y","A",15,0,4
46,9,"Y","A",9,0,3
46,10,"Y","A",13,0,5
46,11,"Y","A",11,0,1
46,12,"Y","A",8,0,5
46,13,"Y","A",17,0,4
46,14,"Y","A",12,0,1
46,15,"Y","A",19,0,2
46,16,"Y","A",6,0,2
46,17,"Y","A",1,0,2
46,18,"Y","A",2,0,4
46,19,"Y","A",5,0,3
46,20,"Y","A",20,0,2
46,21,"Y","A",4,1,5
46,22,"Y","A",3,1,4
46,23,"Y","A",16,1,6
46,24,"Y","A",14,1,3
46,25,"Y","A",7,1,5
46,26,"Y","A",18,1,5
46,27,"Y","A",10,1,4
46,28,"Y","A",15,1,6
46,29,"Y","A",9,1,4
46,30,"Y","A",13,1,6
46,31,"Y","A",11,1,6
46,32,"Y","A",8,1,5
46,33,"Y","A",17,1,5
46,34,"Y","A",12,1,5
46,35,"Y","A",19,1,6
46,36,"Y","A",6,1,4
46,37,"Y","A",1,1,5
46,38,"Y","A",2,1,5
46,39,"Y","A",5,1,6
46,40,"Y","A",20,1,4
46,1,"Y","B",4,0,1
46,2,"Y","B",3,0,1
46,3,"Y","B",16,0,3
46,4,"Y","B",14,0,3
46,5,"Y","B",7,0,4
46,6,"Y","B",18,0,4
46,7,"Y","B",10,0,2
46,8,"Y","B",15,0,4
46,9,"Y","B",9,0,2
46,10,"Y","B",13,0,2
46,11,"Y","B",11,0,2
46,12,"Y","B",8,0,3
46,13,"Y","B",17,0,3
46,14,"Y","B",12,0,2
46,15,"Y","B",19,0,3
46,16,"Y","B",6,0,4
46,17,"Y","B",1,0,4
46,18,"Y","B",2,0,3
46,19,"Y","B",5,0,2
46,20,"Y","B",20,0,3
46,21,"Y","B",4,1,3
46,22,"Y","B",3,1,4
46,23,"Y","B",16,1,5
46,24,"Y","B",14,1,5
46,25,"Y","B",7,1,6
46,26,"Y","B",18,1,4
46,27,"Y","B",10,1,3
46,28,"Y","B",15,1,5
46,29,"Y","B",9,1,2
46,30,"Y","B",13,1,5
46,31,"Y","B",11,1,5
46,32,"Y","B",8,1,4
46,33,"Y","B",17,1,4
46,34,"Y","B",12,1,6
46,35,"Y","B",19,1,5
46,36,"Y","B",6,1,5
46,37,"Y","B",1,1,4
46,38,"Y","B",2,1,6
46,39,"Y","B",5,1,3
46,40,"Y","B",20,1,4
47,1,"Y","A",4,0,1
47,2,"Y","A",3,0,3
47,3,"Y","A",16,0,3
47,4,"Y","A",14,0,4
47,5,"Y","A",7,0,1
47,6,"Y","A",18,0,2
47,7,"Y","A",10,0,3
47,8,"Y","A",15,0,4
47,9,"Y","A",9,0,5
47,10,"Y","A",13,0,2
47,11,"Y","A",11,0,5
47,12,"Y","A",8,0,4
47,13,"Y","A",17,0,5
47,14,"Y","A",12,0,3
47,15,"Y","A",19,0,2
47,16,"Y","A",6,0,2
47,17,"Y","A",1,0,4
47,18,"Y","A",2,0,2
47,19,"Y","A",5,0,2
47,20,"Y","A",20,0,2
47,21,"Y","A",4,1,5
47,22,"Y","A",3,1,5
47,23,"Y","A",16,1,1
47,24,"Y","A",14,1,5
47,25,"Y","A",7,1,4
47,26,"Y","A",18,1,4
47,27,"Y","A",10,1,3
47,28,"Y","A",15,1,3
47,29,"Y","A",9,1,2
47,30,"Y","A",13,1,3
47,31,"Y","A",11,1,6
47,32,"Y","A",8,1,3
47,33,"Y","A",17,1,4
47,34,"Y","A",12,1,1
47,35,"Y","A",19,1,4
47,36,"Y","A",6,1,2
47,37,"Y","A",1,1,3
47,38,"Y","A",2,1,4
47,39,"Y","A",5,1,2
47,40,"Y","A",20,1,5
47,1,"Y","B",4,0,4
47,2,"Y","B",3,0,3
47,3,"Y","B",16,0,2
47,4,"Y","B",14,0,3
47,5,"Y","B",7,0,4
47,6,"Y","B",18,0,2
47,7,"Y","B",10,0,3
47,8,"Y","B",15,0,2
47,9,"Y","B",9,0,2
47,10,"Y","B",13,0,5
47,11,"Y","B",11,0,4
47,12,"Y","B",8,0,3
47,13,"Y","B",17,0,3
47,14,"Y","B",12,0,1
47,15,"Y","B",19,0,2
47,16,"Y","B",6,0,2
47,17,"Y","B",1,0,3
47,18,"Y","B",2,0,4
47,19,"Y","B",5,0,2
47,20,"Y","B",20,0,2
47,21,"Y","B",4,1,5
47,22,"Y","B",3,1,6
47,23,"Y","B",16,1,6
47,24,"Y","B",14,1,5
47,25,"Y","B",7,1,6
47,26,"Y","B",18,1,3
47,27,"Y","B",10,1,6
47,28,"Y","B",15,1,5
47,29,"Y","B",9,1,6
47,30,"Y","B",13,1,6
47,31,"Y","B",11,1,6
47,32,"Y","B",8,1,6
47,33,"Y","B",17,1,4
47,34,"Y","B",12,1,5
47,35,"Y","B",19,1,6
47,36,"Y","B",6,1,4
47,37,"Y","B",1,1,5
47,38,"Y","B",2,1,6
47,39,"Y","B",5,1,6
47,40,"Y","B",20,1,5
48,1,"Y","A",4,0,2
48,2,"Y","A",3,0,1
48,3,"Y","A",16,0,1
48,4,"Y","A",14,0,3
48,5,"Y","A",7,0,1
48,6,"Y","A",18,0,2
48,7,"Y","A",10,0,2
48,8,"Y","A",15,0,3
48,9,"Y","A",9,0,3
48,10,"Y","A",13,0,5
48,11,"Y","A",11,0,2
48,12,"Y","A",8,0,3
48,13,"Y","A",17,0,2
48,14,"Y","A",12,0,1
48,15,"Y","A",19,0,3
48,16,"Y","A",6,0,2
48,17,"Y","A",1,0,4
48,18,"Y","A",2,0,1
48,19,"Y","A",5,0,3
48,20,"Y","A",20,0,1
48,21,"Y","A",4,1,6
48,22,"Y","A",3,1,6
48,23,"Y","A",16,1,6
48,24,"Y","A",14,1,3
48,25,"Y","A",7,1,6
48,26,"Y","A",18,1,1
48,27,"Y","A",10,1,6
48,28,"Y","A",15,1,5
48,29,"Y","A",9,1,5
48,30,"Y","A",13,1,6
48,31,"Y","A",11,1,6
48,32,"Y","A",8,1,5
48,33,"Y","A",17,1,6
48,34,"Y","A",12,1,3
48,35,"Y","A",19,1,6
48,36,"Y","A",6,1,6
48,37,"Y","A",1,1,3
48,38,"Y","A",2,1,6
48,39,"Y","A",5,1,4
48,40,"Y","A",20,1,6
48,1,"Y","B",4,0,2
48,2,"Y","B",3,0,2
48,3,"Y","B",16,0,2
48,4,"Y","B",14,0,6
48,5,"Y","B",7,0,2
48,6,"Y","B",18,0,2
48,7,"Y","B",10,0,4
48,8,"Y","B",15,0,4
48,9,"Y","B",9,0,1
48,10,"Y","B",13,0,1
48,11,"Y","B",11,0,1
48,12,"Y","B",8,0,5
48,13,"Y","B",17,0,4
48,14,"Y","B",12,0,1
48,15,"Y","B",19,0,2
48,16,"Y","B",6,0,1
48,17,"Y","B",1,0,1
48,18,"Y","B",2,0,3
48,19,"Y","B",5,0,1
48,20,"Y","B",20,0,1
48,21,"Y","B",4,1,6
48,22,"Y","B",3,1,6
48,23,"Y","B",16,1,6
48,24,"Y","B",14,1,6
48,25,"Y","B",7,1,6
48,26,"Y","B",18,1,6
48,27,"Y","B",10,1,5
48,28,"Y","B",15,1,6
48,29,"Y","B",9,1,6
48,30,"Y","B",13,1,6
48,31,"Y","B",11,1,6
48,32,"Y","B",8,1,4
48,33,"Y","B",17,1,6
48,34,"Y","B",12,1,6
48,35,"Y","B",19,1,6
48,36,"Y","B",6,1,5
48,37,"Y","B",1,1,6
48,38,"Y","B",2,1,6
48,39,"Y","B",5,1,6
48,40,"Y","B",20,1,6
